Name;Brand;Part Number;Barcode;Quantity
"Premier LTX 225/65R17, All-Season";Michelin;MIC-001;000000000001;1
Destination LE3;Firestone;FIR-002;000000000002;2
Wildpeak A/T4W;Falken;FAL-003;000000000003;3
Assurance MaxLife;Goodyear;GOO-004;000000000004;4
CrossContact LX25;Continental;CON-005;000000000005;5
Turanza QuietTrack;Bridgestone;BRI-006;000000000006;6
Scorpion AS Plus 3;Pirelli;PIR-007;000000000007;7
Endeavor Plus;Cooper;COO-008;000000000008;8
Geolandar CV G058;Yokohama;YOK-009;000000000009;9
Solus TA71;Kumho;KUM-010;000000000010;10
Crugen HP71;Kumho;KUM-011;000000000011;11
Roadian HTX2;Nexen;NEX-012;000000000012;12
Alenza AS Ultra;Bridgestone;BRI-013;000000000013;13
Premier LTX;Michelin;MIC-014;000000000014;14
Eagle Sport All-Season;Goodyear;GOO-015;000000000015;15
ProControl;Cooper;COO-016;000000000016;16
TrueContact Tour;Continental;CON-017;000000000017;17
Ziex CT60;Falken;FAL-018;000000000018;18
Scorpion Verde;Pirelli;PIR-019;000000000019;19
Discoverer SRX;Cooper;COO-020;000000000020;20
Latitude Tour HP;Michelin;MIC-021;000000000021;21
Wrangler Steadfast HT;Goodyear;GOO-022;000000000022;22
WeatherPeak;Bridgestone;BRI-023;000000000023;23
ControlContact Tour;Continental;CON-024;000000000024;24
Ecsta PA51;Kumho;KUM-025;000000000025;25
Roadian GTX;Nexen;NEX-026;000000000026;26
Geolandar X-CV;Yokohama;YOK-027;000000000027;27
RUBITREK A/T;Falken;FAL-028;000000000028;28
Defender2;Michelin;MIC-029;000000000029;29
Assurance ComfortDrive;Goodyear;GOO-030;000000000030;30
