canonical_product_uid,brand,model,size_canonical,size_compact,load_index,speed_rating,tire_type,season,barcode,barcode_type,manufacturer_part_number,source_url,evidence_level,usable_for,current_status,missing_fields,field_completeness_score,harvested_at,run_id
falken_wildpeak_at3w_265_70r17_115_t_28034300,Falken,Wildpeak A/T3W,265/70R17,2657017,115,T,light_truck,all_terrain_as,848983006257,upc,28034300,https://www.tiresandwheels.com/product/tire/EC106252/Falken/28034300/Wildpeak-A/T3W_848983006257_265+70R17,verified_1src_strong,auto_count_candidate,active_retail,,90,2026-06-22T05:30:26Z,run_20260622_001
falken_rubitrek_at_265_70r17_115_t_28074576,Falken,Rubitrek A/T,265/70R17,2657017,115,T,light_truck,all_terrain,848983007933,upc,28074576,https://www.tiresandwheels.com/product/tire/EC443510/Falken/28074576_Rubitrek+A/T_848983007933_265+70R17,verified_1src_strong,auto_count_candidate,active_retail,,90,2026-06-22T05:30:26Z,run_20260622_001
falken_wildpeak_at4w_265_70r17_115_t_28844300,Falken,Wildpeak A/T4W,265/70R17,2657017,115,T,light_truck,all_terrain_as,848983025555,upc,28844300,https://www.tiresandwheels.com/product/tire/EC485174/Falken/28844300/Wildpeak-A/T4W_848983025555_265+70R17,verified_1src_strong,auto_count_candidate,active_retail,,90,2026-06-22T05:30:26Z,run_20260622_001
falken_wildpeak_at3w_lt265_70r17_121_118_s_28030712,Falken,Wildpeak A/T3W,LT265/70R17,2657017,121/118,S,light_truck,all_terrain_as,848983006455,upc,28030712,https://www.tiresandwheels.com/product/tire/EC106241/Falken/28030712/Wildpeak-A/T3W_848983006455_LT265+70R17,verified_1src_strong,auto_count_candidate,active_retail,,90,2026-06-22T05:30:26Z,run_20260622_001
falken_wildpeak_at3w_lt275_70r18_125_122_s_28030703,Falken,Wildpeak A/T3W,LT275/70R18,2757018,125/122,S,light_truck,all_terrain_as,848983006493,upc,28030703,https://www.tiresandwheels.com/product/tire/EC106239/Falken/28030703/Wildpeak-A/T3W_848983006493_LT275+70R18,verified_1src_strong,auto_count_candidate,active_retail,,90,2026-06-22T05:30:26Z,run_20260622_001
falken_wildpeak_at3w_lt285_70r17_116_q_59000350,Falken,Wildpeak A/T3W,LT285/70R17,2857017,116,Q,light_truck,all_terrain_as,848983011428,upc,59000350,https://www.tiresandwheels.com/product/tire/EC247606/Falken/59000350/Wildpeak-A/T3W_848983011428_LT285+70R17,verified_1src_strong,auto_count_candidate,active_retail,,90,2026-06-22T05:30:26Z,run_20260622_001
falken_wildpeak_at3w_lt275_65r18_123_120_s_28030803,Falken,Wildpeak A/T3W,LT275/65R18,2756518,123/120,S,light_truck,all_terrain_as,848983006479,upc,28030803,https://www.tiresandwheels.com/product/tire/EC106243/Falken/28030803_Wildpeak+A/T3W_848983006479_LT275+65R18,verified_1src_strong,auto_count_candidate,active_retail,,90,2026-06-22T05:30:26Z,run_20260622_001
falken_wildpeak_at3w_225_65r17_102_t_28034775,Falken,Wildpeak A/T3W,225/65R17,2256517,102,T,passenger,all_terrain_as,848983019462,upc,28034775,https://www.tiresandwheels.com/product/tire/EC301657/Falken/28034775_Wildpeak+A/T3W_848983019462_225+65R17,verified_1src_strong,auto_count_candidate,active_retail,,90,2026-06-22T05:30:26Z,run_20260622_001
falken_wildpeak_at3w_265_65r17_116_t_28034721,Falken,Wildpeak A/T3W,265/65R17,2656517,116,T,passenger,all_terrain_as,848983006226,upc,28034721,https://www.tiresandwheels.com/product/tire/EC106259/Falken/28034721/Wildpeak-A/T3W_848983006226_265+65R17,verified_1src_strong,auto_count_candidate,active_retail,,90,2026-06-22T05:30:26Z,run_20260622_001
falken_wildpeak_at02_lt245_75r16_120_116_s_28466628,Falken,Wildpeak AT02,LT245/75R16,2457516,120/116,S,light_truck,all_terrain,877184008852,upc,28466628,https://www.tiresandwheels.com/product/tire/EC442868/Falken/28466628/Wildpeak-AT02_877184008852_LT245+75R16,verified_1src_strong,auto_count_candidate,active_retail,,90,2026-06-22T05:30:26Z,run_20260622_001
nexen_roadian_atx_265_70r17_115_t_18773nxk,Nexen,Roadian ATX,265/70R17,2657017,115,T,light_truck,all_terrain_as,191563016307,upc,18773NXK,https://www.tiresandwheels.com/product/tire/EC443391/Nexen/18773NXK/Roadian-ATX_191563016307_265+70R17,verified_1src_strong,auto_count_candidate,active_retail,,90,2026-06-22T05:30:26Z,run_20260622_001
nexen_roadian_at_pro_ra8_265_70r17_115_s_13637nxk,Nexen,Roadian AT Pro RA8,265/70R17,2657017,115,S,light_truck,all_terrain,887613363704,upc,13637NXK,https://www.tiresandwheels.com/product/tire/EC105486/Nexen/13637NXK/Roadian-AT-Pro-RA8_887613363704_265+70R17,verified_1src_strong,auto_count_candidate,active_retail,,90,2026-06-22T05:30:26Z,run_20260622_001
nexen_roadian_at_pro_ra8_lt265_70r17_121_118_s_12735nxk,Nexen,Roadian AT Pro RA8,LT265/70R17,2657017,121/118,S,light_truck,all_terrain,887613273508,upc,12735NXK,https://www.tiresandwheels.com/product/tire/EC159042/Nexen/12735NXK/Roadian-AT-Pro-RA8_887613273508_LT265+70R17,verified_1src_strong,auto_count_candidate,active_retail,,90,2026-06-22T05:30:26Z,run_20260622_001
nexen_npriz_ah5_225_65r17_102_h_15124nxk,Nexen,NPriz AH5,225/65R17,2256517,102,H,passenger,all_season,191563022001,upc,15124NXK,https://www.tiresandwheels.com/product/tire/EC494042/Nexen/15124NXK/NPriz-AH5_191563022001_225+65R17,verified_1src_strong,auto_count_candidate,active_retail,,90,2026-06-22T05:30:26Z,run_20260622_001
nexen_roadian_gtx_235_60r18_103_h_17569nxk,Nexen,Roadian GTX,235/60R18,2356018,103,H,passenger,all_season,191563007824,upc,17569NXK,https://www.tiresandwheels.com/product/tire/EC296581/Nexen/17569NXK/Roadian-GTX_191563007824_235+60R18,verified_1src_strong,auto_count_candidate,active_retail,,90,2026-06-22T05:30:26Z,run_20260622_001
nexen_roadian_htx2_245_75r17_121_s_17986nxk,Nexen,Roadian HTX 2,245/75R17,2457517,121,S,light_truck,highway,191563015119,upc,17986NXK,https://www.tiresandwheels.com/product/tire/EC443443/Nexen/17986NXK/Roadian-HTX-2_191563015119_245+75R17,verified_1src_strong,auto_count_candidate,active_retail,,90,2026-06-22T05:30:26Z,run_20260622_001
hankook_dynapro_atm_rf10_lt265_70r17_121_118_s_2001383,Hankook,Dynapro ATm RF10,LT265/70R17,2657017,121/118,S,light_truck,all_terrain,715459268979,upc,2001383,https://www.tiresandwheels.com/product/tire/EC6198/Hankook/2001383/Dynapro-ATm-RF10_715459268979_LT265+70R17,verified_1src_strong,auto_count_candidate,active_retail,,90,2026-06-22T05:30:26Z,run_20260622_001
hankook_dynapro_at2_xtreme_rf12_265_70r17_115_t_1029842,Hankook,Dynapro AT2 Xtreme RF12,265/70R17,2657017,115,T,light_truck,all_terrain,715459552979,upc,1029842,https://www.tiresandwheels.com/product/tire/EC375894/Hankook/1029842/Dynapro-AT2-Xtreme-RF12_715459552979_265+70R17,verified_1src_strong,auto_count_candidate,active_retail,,90,2026-06-22T05:30:26Z,run_20260622_001
hankook_dynapro_hp2_ra33_225_65r17_102_h_1014145,Hankook,DynaPro HP2 RA33,225/65R17,2256517,102,H,passenger,all_season,715459340118,upc,1014145,https://www.tiresandwheels.com/product/tire/EC225272/Hankook/1014145_DynaPro+HP2+(RA33)_715459340118_225+65R17,verified_1src_strong,auto_count_candidate,active_retail,,90,2026-06-22T05:30:26Z,run_20260622_001
hankook_kinergy_st_h735_225_65r17_102_t_1021507,Hankook,Kinergy ST H735,225/65R17,2256517,102,T,passenger,all_season,715459417391,upc,1021507,https://www.tiresandwheels.com/product/tire/EC245230/Hankook/1021507_Kinergy+ST+H735_715459417391_225+65R17,verified_1src_strong,auto_count_candidate,active_retail,,90,2026-06-22T05:30:26Z,run_20260622_001
hankook_dynapro_ht_rh12_225_65r17_102_h_1023527,Hankook,DynaPro HT RH12,225/65R17,2256517,102,H,passenger,highway,715459442607,upc,1023527,https://www.tiresandwheels.com/product/tire/EC246305/Hankook/1023527/DynaPro-HT-RH12_715459442607_225+65R17,verified_1src_strong,auto_count_candidate,active_retail,,90,2026-06-22T05:30:26Z,run_20260622_001
hankook_kinergy_gt_h436_235_65r17_104_h_1019226,Hankook,Kinergy GT H436,235/65R17,2356517,104,H,passenger,all_season,715459389391,upc,1019226,https://www.tiresandwheels.com/product/tire/EC166364/Hankook/1019226/Kinergy-GT-H436_715459389391_235+65R17,verified_1src_strong,auto_count_candidate,active_retail,,90,2026-06-22T05:30:26Z,run_20260622_001
hankook_kinergy_st_h735_235_65r17_104_t_1021510,Hankook,Kinergy ST H735,235/65R17,2356517,104,T,passenger,all_season,715459417421,upc,1021510,https://www.tiresandwheels.com/product/tire/EC245241/Hankook/1021510/Kinergy-ST-H735_715459417421_235+65R17,verified_1src_strong,auto_count_candidate,active_retail,,90,2026-06-22T05:30:26Z,run_20260622_001
yokohama_geolandar_x_at_265_70r17_115_t_110116085,Yokohama,Geolandar X-AT,265/70R17,2657017,115,T,light_truck,all_terrain,721506160851,upc,110116085,https://www.tiresandwheels.com/product/tire/EC464341/Yokohama/110116085/Geolandar-X-AT_721506160851_265+70R17,verified_1src_strong,auto_count_candidate,active_retail,,90,2026-06-22T05:30:26Z,run_20260622_001
yokohama_geolandar_at4_lt265_70r17_121_118_s_110101827,Yokohama,Geolandar AT4,LT265/70R17,2657017,121/118,S,light_truck,all_terrain,721506018275,upc,110101827,https://www.tiresandwheels.com/product/tire/EC487903/Yokohama/110101827/Geolandar-AT4_721506018275_LT265+70R17,verified_1src_strong,auto_count_candidate,active_retail,,90,2026-06-22T05:30:26Z,run_20260622_001
yokohama_avid_touring_s_225_65r17_102_t_110131828,Yokohama,Avid Touring-S,225/65R17,2256517,102,T,passenger,all_season,721506318283,upc,110131828,https://www.tiresandwheels.com/product/tire/EC233621/Yokohama/110131828/Avid-Touring-S_721506318283_225+65R17,verified_1src_strong,auto_count_candidate,active_retail,,90,2026-06-22T05:30:26Z,run_20260622_001
yokohama_avid_ascend_lx_225_65r17_102_h_110132829,Yokohama,Avid Ascend LX,225/65R17,2256517,102,H,passenger,all_season,721506328299,upc,110132829,https://www.tiresandwheels.com/product/tire/EC232350/Yokohama/110132829/Avid-Ascend-LX_721506328299_225+65R17,verified_1src_strong,auto_count_candidate,active_retail,,90,2026-06-22T05:30:26Z,run_20260622_001
yokohama_bluearth_s34tz_p235_65r17_103_t_110133710,Yokohama,BluEarth S34TZ,P235/65R17,2356517,103,T,passenger,all_season,721506337109,upc,110133710,https://www.tiresandwheels.com/product/tire/EC369740/Yokohama/110133710/BluEarth-S34TZ_721506337109_P235+65R17,verified_1src_strong,auto_count_candidate,active_retail,,90,2026-06-22T05:30:26Z,run_20260622_001
yokohama_geolandar_cv_g058_245_65r17_111_h_110105820,Yokohama,Geolandar CV G058,245/65R17,2456517,111,H,passenger,all_season,721506058202,upc,110105820,https://www.tiresandwheels.com/product/tire/EC302059/Yokohama/110105820/Geolandar-CV-G058_721506058202_245+65R17,verified_1src_strong,auto_count_candidate,active_retail,,90,2026-06-22T05:30:26Z,run_20260622_001
cooper_discoverer_srx_265_70r17_115_t_90000027117,Cooper,Discoverer SRX,265/70R17,2657017,115,T,passenger,highway,029142869870,upc,90000027117,https://www.tiresandwheels.com/product/tire/EC162206/Cooper/90000027117/Discoverer-SRX_29142869870_265+70R17,verified_1src_strong,auto_count_candidate,active_retail,,90,2026-06-22T05:30:26Z,run_20260622_001
cooper_discoverer_stt_pro_lt265_70r17_121_118_s_90000023627,Cooper,Discoverer STT PRO,LT265/70R17,2657017,121/118,S,light_truck,mud_terrain,029142829171,upc,90000023627,https://www.tiresandwheels.com/product/tire/EC105492/Cooper/90000023627_Discoverer+STT+PRO_29142829171_LT265+70R17,verified_1src_strong,auto_count_candidate,active_retail,,90,2026-06-22T05:30:26Z,run_20260622_001
cooper_discoverer_at3_lt265_70r17_121_118_s_90000002732,Cooper,Discoverer A/T3,LT265/70R17,2657017,121/118,S,light_truck,all_terrain,029142713043,upc,90000002732,https://www.tiresandwheels.com/product/tire/EC107793/Cooper/90000002732/Discoverer-A/T3_29142713043_LT265+70R17,verified_1src_strong,auto_count_candidate,active_retail,,90,2026-06-22T05:30:26Z,run_20260622_001
goodyear_wrangler_territory_rt_235_65r17_104_t_710004933,Goodyear,Wrangler Territory RT,235/65R17,2356517,104,T,passenger,all_terrain,697662155133,upc,710004933,https://www.tiresandwheels.com/product/tire/EC495670/Goodyear/710004933/Wrangler-Territory-RT_697662155133_235+65R17,verified_1src_strong,auto_count_candidate,active_retail,,90,2026-06-22T05:30:26Z,run_20260622_001
goodyear_wrangler_fortitude_ht_235_65r17_104_t_157996622,Goodyear,Wrangler Fortitude HT,235/65R17,2356517,104,T,passenger,highway,697662129943,upc,157996622,https://www.tiresandwheels.com/product/tire/EC158814/Goodyear/157996622/Fortitude-HT_697662129943_235+65R17,verified_1src_strong,auto_count_candidate,active_retail,,90,2026-06-22T05:30:26Z,run_20260622_001
goodyear_wrangler_duratrac_275_60r20_115_t_150678601,Goodyear,Wrangler DuraTrac,275/60R20,2756020,115,T,light_truck,all_terrain,697662118862,upc,150678601,https://www.tiresandwheels.com/product/tire/EC105706/Goodyear/150678601_Wrangler-DuraTrac_697662118862_275+60R20,verified_1src_strong,auto_count_candidate,active_retail,,90,2026-06-22T05:30:26Z,run_20260622_001
goodyear_wrangler_at_adventure_275_60r20_115_t_758073571,Goodyear,Wrangler AT Adventure,275/60R20,2756020,115,T,light_truck,all_terrain,697662115731,upc,758073571,https://www.tiresandwheels.com/product/tire/EC105823/Goodyear/758073571_Wrangler+AT+Adventure_697662115731_275+60R20,verified_1src_strong,auto_count_candidate,active_retail,,90,2026-06-22T05:30:26Z,run_20260622_001
goodyear_wrangler_territory_at_275_60r20_115_t_734087640,Goodyear,Wrangler Territory AT,275/60R20,2756020,115,T,light_truck,all_terrain,697662150978,upc,734087640,https://www.tiresandwheels.com/product/tire/EC488185/Goodyear/734087640/Wrangler-Territory-AT_697662150978_275+60R20,verified_1src_strong,auto_count_candidate,active_retail,,90,2026-06-22T05:30:26Z,run_20260622_001
goodyear_assurance_comfortred_touring_p235_60r18_102_v_413495329,Goodyear,Assurance ComforTred Touring,P235/60R18,2356018,102,V,passenger,all_season,697662099789,upc,413495329,https://www.tiresandwheels.com/product/tire/EC166077/Goodyear/413495329/Assurance-ComforTred-Touring_697662099789_P235+60R18,verified_1src_strong,auto_count_candidate,active_retail,,90,2026-06-22T05:30:26Z,run_20260622_001
nitto_recon_grappler_at_lt275_70r18_122_125_s_218730,Nitto,Recon Grappler A/T,LT275/70R18,2757018,122/125,S,light_truck,all_terrain,4981910544517,ean,218730,https://www.tiresandwheels.com/product/tire/EC419232/Nitto/218730/Recon-Grappler-A/T_4981910544517_LT275+70R18,verified_1src_strong,auto_count_candidate,active_retail,,90,2026-06-22T05:30:26Z,run_20260622_001
nitto_terra_grappler_g3_lt275_70r18_125_122_s_223970,Nitto,Terra Grappler G3,LT275/70R18,2757018,125/122,S,light_truck,all_terrain,4981910570820,ean,223970,https://www.tiresandwheels.com/product/tire/EC489828/Nitto/223970/Terra-Grappler-G3_4981910570820_LT275+70R18,verified_1src_strong,auto_count_candidate,active_retail,,90,2026-06-22T05:30:26Z,run_20260622_001
nitto_exo_grappler_awt_lt275_70r18_125_q_206960,Nitto,Exo Grappler AWT,LT275/70R18,2757018,125,Q,light_truck,all_terrain,4981910755562,ean,206960,https://www.tiresandwheels.com/product/tire/EC80479/Nitto/206960/Exo-Grappler-AWT_4981910755562_LT275+70R18,verified_1src_strong,auto_count_candidate,active_retail,,90,2026-06-22T05:30:26Z,run_20260622_001
nitto_ridge_grappler_lt285_70r17_121_118_q_217010,Nitto,Ridge Grappler,LT285/70R17,2857017,121/118,Q,light_truck,hybrid_terrain,4981910787532,ean,217010,https://www.tiresandwheels.com/product/tire/EC107941/Nitto/217010/Ridge-Grappler_4981910787532_LT285+70R17,verified_1src_strong,auto_count_candidate,active_retail,,90,2026-06-22T05:30:26Z,run_20260622_001
nitto_terra_grappler_g3_lt285_70r17_126_123_s_223980,Nitto,Terra Grappler G3,LT285/70R17,2857017,126/123,S,light_truck,all_terrain,4981910570813,ean,223980,https://www.tiresandwheels.com/product/tire/EC489834/Nitto/223980/Terra-Grappler-G3_4981910570813_LT285+70R17,verified_1src_strong,auto_count_candidate,active_retail,,90,2026-06-22T05:30:26Z,run_20260622_001
nitto_terra_grappler_lt285_70r17_126_r_200830,Nitto,Terra Grappler,LT285/70R17,2857017,126,R,light_truck,all_terrain,4981910858355,ean,200830,https://www.tiresandwheels.com/product/tire/EC6656/Nitto/200830/Terra-Grappler_4981910858355_LT285+70R17,verified_1src_strong,auto_count_candidate,active_retail,,90,2026-06-22T05:30:26Z,run_20260622_001
nitto_ridge_grappler_lt285_60r18_122_119_q_217510,Nitto,Ridge Grappler,LT285/60R18,2856018,122/119,Q,light_truck,hybrid_terrain,4981910501763,ean,217510,https://www.tiresandwheels.com/product/tire/EC189242/Nitto/217510/Ridge-Grappler_4981910501763_LT285+60R18,verified_1src_strong,auto_count_candidate,active_retail,,90,2026-06-22T05:30:26Z,run_20260622_001
nitto_ridge_grappler_lt285_65r20_127_124_q_217350,Nitto,Ridge Grappler,LT285/65R20,2856520,127/124,Q,light_truck,hybrid_terrain,4981910501688,ean,217350,https://www.tiresandwheels.com/product/tire/EC189248/Nitto/217350/Ridge-Grappler_4981910501688_LT285+65R20,verified_1src_strong,auto_count_candidate,active_retail,,90,2026-06-22T05:30:26Z,run_20260622_001
toyo_open_country_at3_lt275_70r18_125_122_s_355520,Toyo,Open Country A/T3,LT275/70R18,2757018,125/122,S,light_truck,all_terrain,4981910526605,ean,355520,https://www.tiresandwheels.com/product/tire/EC275057/Toyo/355520/Open-Country-A/T3_4981910526605_LT275+70R18,verified_1src_strong,auto_count_candidate,active_retail,,90,2026-06-22T05:30:26Z,run_20260622_001
toyo_open_country_at_ii_lt285_70r17_121_118_s_352430,Toyo,Open Country A/T II,LT285/70R17,2857017,121/118,S,light_truck,all_terrain,4981910725848,ean,352430,https://www.tiresandwheels.com/product/tire/EC78625/Toyo/352430/Open-Country-A/T-II_4981910725848_LT285+70R17,verified_1src_strong,auto_count_candidate,active_retail,,90,2026-06-22T05:30:26Z,run_20260622_001
toyo_open_country_a38_225_65r17_102_h_302060,Toyo,Open Country A38,225/65R17,2256517,102,H,passenger,all_season,4981910515418,ean,302060,https://www.tiresandwheels.com/product/tire/EC245686/Toyo/302060/Open-Country-A38_4981910515418_225+65R17,verified_1src_strong,auto_count_candidate,active_retail,,90,2026-06-22T05:30:26Z,run_20260622_001
toyo_open_country_at3_225_65r17_102_t_356400,Toyo,Open Country A/T3,225/65R17,2256517,102,T,passenger,all_terrain,4981910529057,ean,356400,https://www.tiresandwheels.com/product/tire/EC275016/Toyo/356400/Open-Country-A/T3_4981910529057_225+65R17,verified_1src_strong,auto_count_candidate,active_retail,,90,2026-06-22T05:30:26Z,run_20260622_001
toyo_observe_gsi_6_ls_225_65r17_102_h_149460,Toyo,Observe GSI-6 LS,225/65R17,2256517,102,H,passenger,winter,4981910527619,ean,149460,https://www.tiresandwheels.com/product/tire/EC369818/Toyo/149460/Observe-GSI-6-LS_4981910527619_225+65R17,verified_1src_strong,auto_count_candidate,active_retail,,90,2026-06-22T05:30:26Z,run_20260622_001
toyo_open_country_qt_235_65r17_108_v_318090,Toyo,Open Country Q/T,235/65R17,2356517,108,V,passenger,all_season,4981910776918,ean,318090,https://www.tiresandwheels.com/product/tire/EC155249/Toyo/318090/Open-Country-Q/T_4981910776918_235+65R17,verified_1src_strong,auto_count_candidate,active_retail,,90,2026-06-22T05:30:26Z,run_20260622_001
toyo_open_country_at3_255_55r20_110_t_356430,Toyo,Open Country A/T3,255/55R20,2555520,110,T,light_truck,all_terrain,4981910529293,ean,356430,https://www.tiresandwheels.com/product/tire/EC275040/Toyo/356430/Open-Country-A/T3_4981910529293_255+55R20,verified_1src_strong,auto_count_candidate,active_retail,,90,2026-06-22T05:30:26Z,run_20260622_001
bridgestone_dueler_hp_sport_as_225_65r17_102_h_142367,Bridgestone,Dueler H/P Sport AS,225/65R17,2256517,102,H,passenger,all_season,092971251802,upc,142367,https://www.tiresandwheels.com/product/tire/EC159563/Bridgestone/142367/Dueler-H/P-Sport-AS_92971251802_225+65R17,verified_1src_strong,auto_count_candidate,active_retail,,90,2026-06-22T05:30:26Z,run_20260622_001
bridgestone_weatherpeak_225_65r17_102_h_009663,Bridgestone,WeatherPeak,225/65R17,2256517,102,H,passenger,all_weather,092971333034,upc,009663,https://www.tiresandwheels.com/product/tire/EC413600/Bridgestone/009663/WeatherPeak_92971333034_225+65R17,verified_1src_strong,auto_count_candidate,active_retail,,90,2026-06-22T05:30:26Z,run_20260622_001
bridgestone_alenza_ultra_as_225_65r17_102_h_008344,Bridgestone,Alenza Ultra AS,225/65R17,2256517,102,H,passenger,all_season,092971329365,upc,008344,https://www.tiresandwheels.com/product/tire/EC375212/Bridgestone/008344/Alenza-Ultra-AS_92971329365_225+65R17,verified_1src_strong,auto_count_candidate,active_retail,,90,2026-06-22T05:30:26Z,run_20260622_001
bridgestone_dueler_at_ascent_lt265_70r17_121_118_s_009675,Bridgestone,Dueler AT Ascent,LT265/70R17,2657017,121/118,S,light_truck,all_terrain,092971366346,upc,009675,https://www.tiresandwheels.com/product/tire/EC495233/Bridgestone/009675/Dueler-AT-Ascent_92971366346_LT265+70R17,verified_1src_strong,auto_count_candidate,active_retail,,90,2026-06-22T05:30:26Z,run_20260622_001
bridgestone_blizzak_lt_lt265_70r17_121_118_q_000656,Bridgestone,Blizzak LT,LT265/70R17,2657017,121/118,Q,light_truck,winter,092971287672,upc,000656,https://www.tiresandwheels.com/product/tire/EC375247/Bridgestone/000656/Blizzak-LT_92971287672_LT265+70R17,verified_1src_strong,auto_count_candidate,active_retail,,90,2026-06-22T05:30:26Z,run_20260622_001
bridgestone_duravis_m700_hd_lt265_70r17_121_118_s_206276,Bridgestone,Duravis M700 HD,LT265/70R17,2657017,121/118,S,light_truck,highway,092971177997,upc,206276,https://www.tiresandwheels.com/product/tire/EC159717/Bridgestone/206276/Duravis-M700-HD_92971177997_LT265+70R17,verified_1src_strong,auto_count_candidate,active_retail,,90,2026-06-22T05:30:26Z,run_20260622_001
bridgestone_dueler_at_rhs_265_70r17_115_t_005491,Bridgestone,Dueler A/T RH-S,265/70R17,2657017,115,T,light_truck,all_terrain,092971285852,upc,005491,https://www.tiresandwheels.com/product/tire/EC375039/Bridgestone/005491/Dueler-A/T-RH-S_92971285852_265+70R17,verified_1src_strong,auto_count_candidate,active_retail,,90,2026-06-22T05:30:26Z,run_20260622_001
bridgestone_dueler_at_rhs_275_60r20_115_t_005493,Bridgestone,Dueler A/T RH-S,275/60R20,2756020,115,T,light_truck,all_terrain,092971285869,upc,005493,https://www.tiresandwheels.com/product/tire/EC375037/Bridgestone/005493/Dueler-A/T-RH-S_92971285869_275+60R20,verified_1src_strong,auto_count_candidate,active_retail,,90,2026-06-22T05:30:26Z,run_20260622_001
bridgestone_dueler_hl_alenza_plus_235_55r18_104_h_000455,Bridgestone,Dueler H/L Alenza Plus,235/55R18,2355518,104,H,passenger,highway,092971269128,upc,000455,https://www.tiresandwheels.com/product/tire/EC106342/Bridgestone/000455/Dueler-H/L-Alenza-Plus_92971269128_235+55R18,verified_1src_strong,auto_count_candidate,active_retail,,90,2026-06-22T05:30:26Z,run_20260622_001
bridgestone_dueler_ht_d687_235_55r18_100_h_001785,Bridgestone,Dueler H/T D687,235/55R18,2355518,100,H,passenger,highway,092971266592,upc,001785,https://www.tiresandwheels.com/product/tire/EC159705/Bridgestone/001785/Dueler-H/T-D687_92971266592_235+55R18,verified_1src_strong,auto_count_candidate,active_retail,,90,2026-06-22T05:30:26Z,run_20260622_001
bridgestone_alenza_ultra_as_235_55r18_100_v_004494,Bridgestone,Alenza Ultra AS,235/55R18,2355518,100,V,passenger,all_season,092971302481,upc,004494,https://www.tiresandwheels.com/product/tire/EC375242/Bridgestone/004494/Alenza-Ultra-AS_92971302481_235+55R18,verified_1src_strong,auto_count_candidate,active_retail,,90,2026-06-22T05:30:26Z,run_20260622_001
michelin_premier_ltx_225_65r17_102_h_44953,Michelin,Premier LTX,225/65R17,2256517,102,H,passenger,all_season,086699449535,upc,44953,https://www.tiresandwheels.com/product/tire/EC225616/Michelin/44953/Premier-LTX_86699449535_225+65R17,verified_1src_strong,auto_count_candidate,active_retail,,90,2026-06-22T05:30:26Z,run_20260622_001
michelin_primacy_as_225_65r17_102_h_07100,Michelin,Primacy A/S,225/65R17,2256517,102,H,passenger,all_season,086699071002,upc,07100,https://www.tiresandwheels.com/product/tire/EC245564/Michelin/07100/Primacy-A/S_86699071002_225+65R17,verified_1src_strong,auto_count_candidate,active_retail,,90,2026-06-22T05:30:26Z,run_20260622_001
michelin_cross_climate_plus_235_65r17_104_v_14839,Michelin,Cross Climate Plus,235/65R17,2356517,104,V,passenger,all_weather,086699148391,upc,14839,https://www.tiresandwheels.com/product/tire/EC245526/Michelin/14839/Cross-Climate-Plus_86699148391_235+65R17,verified_1src_strong,auto_count_candidate,active_retail,,90,2026-06-22T05:30:26Z,run_20260622_001
michelin_defender_ltx_ms2_275_60r20_115_h_13647,Michelin,Defender LTX M/S 2,275/60R20,2756020,115,H,light_truck,all_season,086699136473,upc,13647,https://www.tiresandwheels.com/product/tire/EC443117/Michelin/13647/Defender-LTX-M/S-2_86699136473_275+60R20,verified_1src_strong,auto_count_candidate,active_retail,,90,2026-06-22T05:30:26Z,run_20260622_001
michelin_e_primacy_235_60r18_107_w_28091,Michelin,e Primacy,235/60R18,2356018,107,W,passenger,all_season,086699280916,upc,28091,https://www.tiresandwheels.com/product/tire/EC546648/Michelin/28091/e-Primacy_86699280916_235+60R18,verified_1src_strong,auto_count_candidate,active_retail,,90,2026-06-22T05:30:26Z,run_20260622_001
michelin_defender_2_235_60r18_107_h_87332,Michelin,Defender 2,235/60R18,2356018,107,H,passenger,all_season,086699873323,upc,87332,https://www.tiresandwheels.com/product/tire/EC442412/Michelin/87332/Defender-2_86699873323_235+60R18,verified_1src_strong,auto_count_candidate,active_retail,,90,2026-06-22T05:30:26Z,run_20260622_001
michelin_cross_climate_plus_235_60r18_107_v_07901,Michelin,Cross Climate Plus,235/60R18,2356018,107,V,passenger,all_weather,086699079015,upc,07901,https://www.tiresandwheels.com/product/tire/EC245527/Michelin/07901/Cross-Climate-Plus_86699079015_235+60R18,verified_1src_strong,auto_count_candidate,active_retail,,90,2026-06-22T05:30:26Z,run_20260622_001
michelin_premier_as_235_60r18_103_h_79689,Michelin,Premier A/S,235/60R18,2356018,103,H,passenger,all_season,086699796899,upc,79689,https://www.tiresandwheels.com/product/tire/EC295805/Michelin/79689/Premier-A/S_86699796899_235+60R18,verified_1src_strong,auto_count_candidate,active_retail,,90,2026-06-22T05:30:26Z,run_20260622_001
michelin_premier_as_235_55r18_100_h_04213,Michelin,Premier A/S,235/55R18,2355518,100,H,passenger,all_season,086699042132,upc,04213,https://www.tiresandwheels.com/product/tire/EC177542/Michelin/04213/Premier-A/S_86699042132_235+55R18,verified_1src_strong,auto_count_candidate,active_retail,,90,2026-06-22T05:30:26Z,run_20260622_001
michelin_pilot_sport_as4_235_55r18_104_y_97098,Michelin,Pilot Sport A/S 4,235/55R18,2355518,104,Y,passenger,all_season,086699970985,upc,97098,https://www.tiresandwheels.com/product/tire/EC369565/Michelin/97098/Pilot-Sport-A/S-4_86699970985_235+55R18,verified_1src_strong,auto_count_candidate,active_retail,,90,2026-06-22T05:30:26Z,run_20260622_001
michelin_primacy_mxm4_235_55r18_100_v_13461,Michelin,Primacy MXM4,235/55R18,2355518,100,V,passenger,all_season,086699134615,upc,13461,https://www.tiresandwheels.com/product/tire/EC246439/Michelin/13461/Primacy-MXM4_86699134615_235+55R18,verified_1src_strong,auto_count_candidate,active_retail,,90,2026-06-22T05:30:26Z,run_20260622_001
continental_procontact_tx_235_60r18_103_v_15493460000,Continental,ProContact TX,235/60R18,2356018,103,V,passenger,all_season,051342150847,upc,15493460000,https://www.tiresandwheels.com/product/tire/EC160958/Continental/15493460000/ProContact-TX_51342150847_235+60R18,verified_1src_strong,auto_count_candidate,active_retail,,90,2026-06-22T05:30:26Z,run_20260622_001
continental_cross_contact_lx25_235_60r18_107_v_15491390000,Continental,Cross Contact LX25,235/60R18,2356018,107,V,passenger,all_season,051342198245,upc,15491390000,https://www.tiresandwheels.com/product/tire/EC244773/Continental/15491390000/Cross-Contact-LX25_51342198245_235+60R18,verified_1src_strong,auto_count_candidate,active_retail,,90,2026-06-22T05:30:26Z,run_20260622_001
continental_truecontact_tour_54_235_55r18_100_h_15580110000,Continental,TrueContact Tour 54,235/55R18,2355518,100,H,passenger,all_season,051342259014,upc,15580110000,https://www.tiresandwheels.com/product/tire/EC494893/Continental/15580110000/TrueContact-Tour-54_51342259014_235+55R18,verified_1src_strong,auto_count_candidate,active_retail,,90,2026-06-22T05:30:26Z,run_20260622_001
pirelli_cinturato_p7_all_season_235_55r18_100_w_3655800,Pirelli,Cinturato P7 All Season,235/55R18,2355518,100,W,passenger,all_season,054137079934,upc,3655800,https://www.tiresandwheels.com/product/tire/EC371987/Pirelli/3655800/Cinturato-P7-All-Season_54137079934_235+55R18,verified_1src_strong,auto_count_candidate,active_retail,,90,2026-06-22T05:30:26Z,run_20260622_001
pirelli_cinturato_p7_225_55r17_97_w_2145000,Pirelli,Cinturato P7,225/55R17,2255517,97,W,passenger,all_season,054137047681,upc,2145000,https://www.tiresandwheels.com/product/tire/EC178621/Pirelli/2145000/Cinturato-P7_54137047681_225+55R17,verified_1src_strong,auto_count_candidate,active_retail,,90,2026-06-22T05:30:26Z,run_20260622_001
pirelli_cinturato_p7_all_season_plus_2_215_55r17_98_w_3593000,Pirelli,Cinturato P7 All Season Plus 2,215/55R17,2155517,98,W,passenger,all_season,054137074441,upc,3593000,https://www.tiresandwheels.com/product/tire/EC245573/Pirelli/3593000_Cinturato+P7+All+Season+Plus+2_54137074441_215+55R17,verified_1src_strong,auto_count_candidate,active_retail,,90,2026-06-22T05:30:26Z,run_20260622_001
pirelli_cinturato_p7_all_season_plus_215_55r17_94_v_2338100,Pirelli,Cinturato P7 All Season Plus,215/55R17,2155517,94,V,passenger,all_season,054137047407,upc,2338100,https://www.tiresandwheels.com/product/tire/EC178759/Pirelli/2338100/Cinturato-P7-All-Season-Plus_54137047407_215+55R17,verified_1src_strong,auto_count_candidate,active_retail,,90,2026-06-22T05:30:26Z,run_20260622_001
bfgoodrich_all_terrain_ta_ko_lt275_65r18_123_120_r_02818,BFGoodrich,All-Terrain T/A KO,LT275/65R18,2756518,123/120,R,light_truck,all_terrain,086699028181,upc,02818,https://www.tiresandwheels.com/product/tire/EC27318/BFGoodrich/02818/All-Terrain-T/A-KO_86699028181_LT275+65R18,verified_1src_strong,auto_count_candidate,active_retail,,90,2026-06-22T05:30:26Z,run_20260622_001
bfgoodrich_all_terrain_ta_ko2_lt275_65r18_123_120_r_19463,BFGoodrich,All-Terrain T/A KO2,LT275/65R18,2756518,123/120,R,light_truck,all_terrain,086699194633,upc,19463,https://www.tiresandwheels.com/product/tire/EC158406/BFGoodrich/19463/T/A-KO2_86699194633_LT275+65R18,verified_1src_strong,auto_count_candidate,active_retail,,90,2026-06-22T05:30:26Z,run_20260622_001
bfgoodrich_all_terrain_ta_ko3_lt275_65r18_123_120_s_03069,BFGoodrich,All-Terrain T/A KO3,LT275/65R18,2756518,123/120,S,light_truck,all_terrain,086699030696,upc,03069,https://www.tiresandwheels.com/product/tire/EC494514/BFGoodrich/03069/All-Terrain-T/A-KO3_86699030696_LT275+65R18,verified_1src_strong,auto_count_candidate,active_retail,,90,2026-06-22T05:30:26Z,run_20260622_001
bfgoodrich_all_terrain_ta_ko2_lt285_65r18_123_120_r_16168,BFGoodrich,All-Terrain T/A KO2,LT285/65R18,2856518,123/120,R,light_truck,all_terrain,086699161680,upc,16168,https://www.tiresandwheels.com/product/tire/EC158404/BFGoodrich/16168/All-Terrain-T/A-KO2_86699161680_LT285+65R18,verified_1src_strong,auto_count_candidate,active_retail,,90,2026-06-22T05:30:26Z,run_20260622_001
bfgoodrich_all_terrain_ta_ko2_lt285_65r20_121_118_r_02279,BFGoodrich,All-Terrain T/A KO2,LT285/65R20,2856520,121/118,R,light_truck,all_terrain,086699022790,upc,02279,https://www.tiresandwheels.com/product/tire/EC158389/BFGoodrich/02279/T/A-KO2_86699022790_LT285+65R20,verified_1src_strong,auto_count_candidate,active_retail,,90,2026-06-22T05:30:26Z,run_20260622_001
bfgoodrich_all_terrain_ta_ko3_lt285_65r20_121_118_s_11201,BFGoodrich,All-Terrain T/A KO3,LT285/65R20,2856520,121/118,S,light_truck,all_terrain,086699112019,upc,11201,https://www.tiresandwheels.com/product/tire/EC494506/BFGoodrich/11201/All-Terrain-T/A-KO3_86699112019_LT285+65R20,verified_1src_strong,auto_count_candidate,active_retail,,90,2026-06-22T05:30:26Z,run_20260622_001
bfgoodrich_all_terrain_ta_ko2_lt285_70r17_121_118_r_24481,BFGoodrich,All-Terrain T/A KO2,LT285/70R17,2857017,121/118,R,light_truck,all_terrain,086699244819,upc,24481,https://www.tiresandwheels.com/product/tire/EC368979/BFGoodrich/24481/All-Terrain-T/A-KO2_86699244819_LT285+70R17,verified_1src_strong,auto_count_candidate,active_retail,,90,2026-06-22T05:30:26Z,run_20260622_001
bfgoodrich_rugged_terrain_ta_lt245_75r16_120_116_s_17197,BFGoodrich,Rugged Terrain T/A,LT245/75R16,2457516,120/116,S,light_truck,highway,086699171979,upc,17197,https://www.tiresandwheels.com/product/tire/EC27386/BFGoodrich/17197_Rugged+Terrain+T/A_86699171979_LT245+75R16,verified_1src_strong,auto_count_candidate,active_retail,,90,2026-06-22T05:30:26Z,run_20260622_001
bfgoodrich_all_terrain_ta_ko2_lt275_55r20_119_116_r_61764,BFGoodrich,All-Terrain T/A KO2,LT275/55R20,2755520,119/116,R,light_truck,all_terrain,086699617644,upc,61764,https://www.tiresandwheels.com/product/tire/EC158431/BFGoodrich/61764/T/A-KO2_86699617644_LT275+55R20,verified_1src_strong,auto_count_candidate,active_retail,,90,2026-06-22T05:30:26Z,run_20260622_001
bfgoodrich_all_terrain_ta_ko2_lt275_60r20_119_116_r_64811,BFGoodrich,All-Terrain T/A KO2,LT275/60R20,2756020,119/116,R,light_truck,all_terrain,086699648112,upc,64811,https://www.tiresandwheels.com/product/tire/EC82730/BFGoodrich/64811/All-Terrain-T/A-KO2_86699648112_LT275+60R20,verified_1src_strong,auto_count_candidate,active_retail,,90,2026-06-22T05:30:26Z,run_20260622_001
kumho_eco_solus_kl21_225_65r17_102_h_2159273,Kumho,eco Solus KL21,225/65R17,2256517,102,H,passenger,all_season,8808956132873,ean,2159273,https://www.tiresandwheels.com/product/tire/EC158899/Kumho/2159273/eco-Solus-KL21_8808956132873_225+65R17,verified_1src_strong,auto_count_candidate,active_retail,,90,2026-06-22T05:30:26Z,run_20260622_001
kumho_crugen_kl33_225_60r17_99_h_2172063,Kumho,Crugen KL33,225/60R17,2256017,99,H,passenger,all_season,8808956139131,ean,2172063,https://www.tiresandwheels.com/product/tire/EC167653/Kumho/2172063/Crugen-KL33_8808956139131_225+60R17,verified_1src_strong,auto_count_candidate,active_retail,,90,2026-06-22T05:30:26Z,run_20260622_001
kumho_solus_ta11_225_60r17_99_t_2183063,Kumho,Solus TA11,225/60R17,2256017,99,T,passenger,all_season,8808956154233,ean,2183063,https://www.tiresandwheels.com/product/tire/EC168072/Kumho/2183063/Solus-TA11_8808956154233_225+60R17,verified_1src_strong,auto_count_candidate,active_retail,,90,2026-06-22T05:30:26Z,run_20260622_001
kumho_solus_ta31_215_55r17_94_v_2175593,Kumho,Solus TA31,215/55R17,2155517,94,V,passenger,all_season,8808956141066,ean,2175593,https://www.tiresandwheels.com/product/tire/EC168123/Kumho/2175593/Solus-TA31_8808956141066_215+55R17,verified_1src_strong,auto_count_candidate,active_retail,,90,2026-06-22T05:30:26Z,run_20260622_001
kelly_edge_touring_plus_225_65r17_102_h_356674107,Kelly,Edge Touring Plus,225/65R17,2256517,102,H,passenger,all_season,741317964479,upc,356674107,https://www.tiresandwheels.com/product/tire/EC495278/Kelly/356674107_Edge+Touring+Plus_741317964479_225+65R17,verified_1src_strong,auto_count_candidate,active_retail,,90,2026-06-22T05:30:26Z,run_20260622_001
hercules_roadtour_connect_pcv_225_65r17_102_h_04507,Hercules,Roadtour Connect PCV,225/65R17,2256517,102,H,passenger,all_season,029142978312,upc,04507,https://www.tiresandwheels.com/product/tire/EC443490/Hercules/04507/Roadtour-Connect-PCV_29142978312_225+65R17,verified_1src_strong,auto_count_candidate,active_retail,,90,2026-06-22T05:30:26Z,run_20260622_001
ironman_all_country_at2_265_70r17_115_t_07616,Ironman,All Country AT2,265/70R17,2657017,115,T,light_truck,all_terrain,029142967675,upc,07616,https://www.tiresandwheels.com/product/tire/EC372095/Ironman/07616/All-Country-AT2_29142967675_265+70R17,verified_1src_strong,auto_count_candidate,active_retail,,90,2026-06-22T05:30:26Z,run_20260622_001
ironman_rb_suv_265_65r17_112_h_93215,Ironman,RB SUV,265/65R17,2656517,112,H,passenger,highway,688028932154,upc,93215,https://www.tiresandwheels.com/product/tire/EC164940/Ironman/93215/RB-SUV_688028932154_265+65R17,verified_1src_strong,auto_count_candidate,active_retail,,90,2026-06-22T05:30:26Z,run_20260622_001
