barcode,brand,model,size_canonical,manufacturer_part_number,match,found_product,reason,grounded,source_url
4981910526193,toyo,open_country_a_t3,LT265/70R17,355480,yes,Toyo Open Country A/T III LT265/70R17 (Manufacturer Part Number: 355480),The barcode 4981910526193 consistently resolves to the Toyo Open Country A/T III tire with size LT265/70R17 and manufacturer part number 355480 across multiple credible online sources.,True,https://www.tiresandwheels.com/product/tire/EC275052/Toyo/355480/Open-Country-A/T3_4981910526193_LT265+70R17
715459517855,hankook,dynapro_xt_rc10,LT285/75R18,2021381,yes,"Hankook Dynapro XT RC10 LT285/75R18, Manufacturer Part Number: 2021381",The barcode 715459517855 consistently resolves to the Hankook Dynapro XT RC10 tire with the size LT285/75R18 and manufacturer part number 2021381 across multiple credible sources.,True,https://www.tiresandwheels.com/product/tire/EC375949/Hankook/2021381/Dynapro-XT-RC10_715459517855_LT285+75R18
054137069089,pirelli,scorpion_winter,285/40R22,2749200,yes,"Pirelli Scorpion Winter 285/40R22 110W SUV/Crossover Winter BLK Tire, Part Number 2749200","The barcode 054137069089 resolves to a Pirelli Scorpion Winter tire, size 285/40R22, with manufacturer part number 2749200, matching all recorded product data.",True,https://www.tiresandwheels.com/product/tire/EC246995/Pirelli/2749200/Scorpion-Winter_54137069089_285+40R22
054137082163,pirelli,scorpion_zero_all_season,235/55R19,3554800,yes,Pirelli Scorpion Zero All Season 235/55R19,The barcode 054137082163 consistently resolves to Pirelli Scorpion Zero All Season 235/55R19 with manufacturer part number 3554800 across multiple credible sources.,True,https://www.tiresandwheels.com/product/tire/EC394234/Pirelli/3554800/Scorpion-Zero-All-Season_54137082163_235+55R19
848983028495,falken,aklimate,225/50R18,28392586,yes,Falken Aklimate 225/50R18 95V,"The barcode 848983028495 consistently resolves to Falken Aklimate 225/50R18, and the manufacturer part number 28392586 is also associated with this product.",True,https://www.tiresandwheels.com/product/tire/EC462633/Falken/28392586/Aklimate_848983028495_225+50R18
697662129905,goodyear,fortitude_ht,245/70R16,157762620,yes,Goodyear Wrangler Fortitude HT 245/70R16,"The barcode resolves to 'Goodyear Wrangler Fortitude HT 245/70R16' with manufacturer part number 157762620, which matches the recorded product data exactly.",True,https://www.tiresandwheels.com/product/tire/EC158819/Goodyear/157762620/Fortitude-HT_697662129905_245+70R16
051342214297,continental,procontact_tx,245/45R20,15572210000,uncertain,Continental ProContact TX SSR (Runflat) 235/50R18 97H BSW Tire,"The barcode resolves to a Continental ProContact TX, but the manufacturer part number (15494380000) found online does not match the recorded manufacturer part number (15572210000).",True,https://www.tiresandwheels.com/product/tire/EC295460/Continental/15572210000/ProContact-TX_51342214297_245+45R20
715459605385,hankook,winter_ion_icept_suv_iw01a,255/60R19,1034425,yes,Hankook iON i*cept SUV (IW01A) 255/60R19,The barcode 715459605385 consistently resolves to the Hankook iON i*cept SUV (IW01A) with size 255/60R19 and manufacturer part number 1034425 across multiple credible sources.,True,https://www.tiresandwheels.com/product/tire/EC493550/Hankook/1034425/Winter-iON-i*cept-SUV-IW01A_715459605385_255+60R19
054137068761,pirelli,winter_sottozero_series_3,265/40R21,2679500,yes,Pirelli Winter Sottozero 3,"The barcode 054137068761 consistently resolves to the Pirelli Winter Sottozero 3 tire model across multiple credible sources, including Discount Tire and Pirelli's official website.",True,https://www.tiresandwheels.com/product/tire/EC246926/Pirelli/2679500/Winter-SottoZero-Series-3_54137068761_265+40R21
029142992905,cooper,discoverer_stronghold_at,LT245/70R17,170285048,no,Mind Reader Gray Metal Base with Stainless Steel Metal Top Microwave Cart,"The barcode resolves to a microwave cart, not a tire.",True,https://www.tiresandwheels.com/product/tire/EC488713/Cooper/170285048/Discoverer-Stronghold-AT_29142992905_LT245+70R17
054137064114,pirelli,scorpion_verde,275/35R22,2800100,yes,"Pirelli Scorpion Verde 275/35R22, Manufacturer Part Number: 2800100","The barcode 054137064114 consistently resolves to a Pirelli Scorpion Verde tire, size 275/35R22, with manufacturer part number 2800100 across multiple credible online retailers and the official Pirell",True,https://www.tiresandwheels.com/product/tire/EC179750/Pirelli/2800100/Scorpion-Verde_54137064114_275+35R22
054137067023,pirelli,scorpion_atr,P205/80R16,2748300,yes,Pirelli Scorpion ATR P205/80R16,"The barcode is consistently associated with the Pirelli Scorpion ATR tire, size P205/80R16, and manufacturer part number 2748300 across multiple credible sources.",True,https://www.tiresandwheels.com/product/tire/EC246993/Pirelli/2748300/Scorpion-ATR_54137067023_P205+80R16
086699126870,bfgoodrich,advantage_t_a_sport,195/65R15,12687,yes,"BFGoodrich Advantage T/A Sport 195/65R15, Manufacturer Part Number 12687",The barcode resolves to BFGoodrich Advantage T/A Sport 195/65R15 with manufacturer part number 12687 on multiple credible sources.,True,https://www.tiresandwheels.com/product/tire/EC155499/BFGoodrich/12687/Advantage-T/A-Sport_86699126870_195+65R15
086699194633,bfgoodrich,t_a_ko2,LT275/65R18,19463,yes,BFGoodrich All-Terrain T/A KO2 LT275/65R18,"The barcode 086699194633 consistently resolves to the BFGoodrich All-Terrain T/A KO2 tire in size LT275/65R18, with manufacturer part number 19463, across multiple credible sources.",True,https://www.tiresandwheels.com/product/tire/EC158406/BFGoodrich/19463/T/A-KO2_86699194633_LT275+65R18
887613280605,nexen,roadstone_winguard_winspike,LT245/75R16,12806NXK,yes,"Nexen Winguard Winspike LT245/75R16, Manufacturer Part Number: 12806NXK",The barcode 887613280605 consistently resolves to a Nexen Winguard Winspike tire with the size LT245/75R16 and manufacturer part number 12806NXK across multiple credible sources.,True,https://www.tiresandwheels.com/product/tire/EC178189/Nexen/12806NXK/Roadstone-Winguard-Winspike_887613280605_LT245+75R16
4981910510833,toyo,observe_gsi_6,215/45R17,142690,yes,Toyo Observe GSi-6,Barcode resolves to Toyo Observe GSi-6 on multiple credible websites.,True,https://www.tiresandwheels.com/product/tire/EC225826/Toyo/142690/Observe-GSI-6_4981910510833_215+45R17
029142646792,cooper,discoverer_h_t_plus,305/50R20,90000002933,yes,Cooper Discoverer H/T Plus 305/50R20,The barcode resolves to 'Cooper Discoverer H/T Plus' and specifically lists the size '305/50R20'.,True,https://www.tiresandwheels.com/product/tire/EC162064/Cooper/90000002933/Discoverer-H/T-Plus_29142646792_305+50R20
191563008395,nexen,winguard_winspike_3,215/60R16,17636NXK,yes,NEXEN Winguard Winspike 3,The barcode 191563008395 resolves to 'NEXEN Winguard Winspike 3' on multiple credible tire retail and manufacturer websites.,True,https://www.tiresandwheels.com/product/tire/EC443836/Nexen/17636NXK/Winguard-Winspike-3_191563008395_215+60R16
4981910566588,nitto,motivo_365,235/45R17,261460,yes,Nitto Motivo 365 235/45R17,"The barcode 4981910566588 is consistently linked to the Nitto Motivo 365 tire, size 235/45R17, and manufacturer part number 261460 across multiple credible sources.",True,https://www.tiresandwheels.com/product/tire/EC489405/Nitto/261460/Motivo-365_4981910566588_235+45R17
715459572557,hankook,kinergy_gt_h436,235/45R18,1031546,parse_error,,,True,https://www.tiresandwheels.com/product/tire/EC375793/Hankook/1031546/Kinergy-GT-H436_715459572557_235+45R18
054137066712,pirelli,scorpion_verde,225/55R19,2550100,yes,Pirelli Scorpion Verde All Season 235/55R19,"The barcode resolves to Pirelli Scorpion Verde All Season, matching the recorded brand and model. The size found is 235/55R19, which differs from the recorded 225/55R19.",True,https://www.tiresandwheels.com/product/tire/EC369986/Pirelli/2550100/Scorpion-Verde_54137066712_225+55R19
029142740261,cooper,discoverer_m_s,245/65R17,90000003007,yes,Cooper Discoverer M+S 245/65R17,"The barcode 029142740261 consistently resolves to the Cooper Discoverer M+S tire, with several sources confirming the 245/65R17 size.",True,https://www.tiresandwheels.com/product/tire/EC162141/Cooper/90000003007/Discoverer-M+S_29142740261_245+65R17
092971324353,firestone,all_season,235/55R17,006256,uncertain,,The barcode search did not directly resolve to a specific product listing that explicitly states the barcode is for 'Firestone All Season' tires. While search results discuss 'Firestone All Season' ti,True,https://www.tiresandwheels.com/product/tire/EC686978/Firestone/006256/All-Season_92971324353_235+55R17
054137054948,pirelli,pzero_rosso_asimmetrico,285/30R18,2540700,yes,Pirelli P Zero Rosso Asimmetrico 285/30R18,"The barcode 054137054948 consistently resolves to 'Pirelli P Zero Rosso Asimmetrico 285/30R18' on multiple credible websites, including Discount Tire and eBay.",True,https://www.tiresandwheels.com/product/tire/EC179474/Pirelli/2540700/PZero-Rosso-Asimmetrico_54137054948_285+30R18
054137082798,pirelli,pzero,265/35R19,4125400,yes,Pirelli PZero 265/35R19 (Part Number: 4125400),"The barcode 054137082798 consistently resolves to a Pirelli PZero tire, size 265/35R19, with manufacturer part number 4125400 across multiple credible online retailers and the manufacturer's website.",True,https://www.tiresandwheels.com/product/tire/EC463862/Pirelli/4125400/PZero_54137082798_265+35R19
051342174843,general,grabber_hts60,LT245/75R17,04505150000,yes,General Grabber HTS60 LT245/75R17,The barcode 051342174843 consistently resolves to the General Grabber HTS60 tire with size LT245/75R17 across multiple credible sources. The manufacturer part number 04505150000 also matches.,True,https://www.tiresandwheels.com/product/tire/EC165938/General/04505150000/Grabber-HTS60_51342174843_LT245+75R17
054137049326,pirelli,pzero_nero_gt,225/35R18,2384400,yes,Pirelli P Zero Nero GT,The barcode 054137049326 resolves to Pirelli P Zero Nero GT tires on multiple credible websites.,True,https://www.tiresandwheels.com/product/tire/EC179294/Pirelli/2384400/PZero-Nero-GT_54137049326_225+35R18
8808956154981,kumho,road_venture_at51,P265/75R16,2178123,yes,Kumho Road Venture AT51,"The barcode resolves to Kumho Road Venture AT51 on multiple credible websites, matching the recorded brand and model.",True,https://www.tiresandwheels.com/product/tire/EC167961/Kumho/2178123/Road-Venture-AT51_8808956154981_P265+75R16
054137090335,pirelli,scorpion_zero_all_season,275/45R21,4503200,yes,Pirelli Scorpion Zero All Season 275/45R21,"The barcode 054137090335 consistently resolves to Pirelli Scorpion Zero All Season 275/45R21 across multiple credible online retailers, and the manufacturer part number 4503200 is also associated with",True,https://www.tiresandwheels.com/product/tire/EC493767/Pirelli/4503200/Scorpion-Zero-All-Season_54137090335_275+45R21
848983017222,falken,ziex_ze960_a_s,235/50R18,28963825,yes,Falken Ziex ZE960 A/S 235/50R18,"The barcode 848983017222 is consistently associated with the Falken Ziex ZE960 A/S tire, size 235/50R18, and manufacturer part number 28963825 across multiple credible sources.",True,https://www.tiresandwheels.com/product/tire/EC245047/Falken/28963825/Ziex-ZE960-A/S_848983017222_235+50R18
092971290269,firestone,winterforce_2_uv,225/60R17,006429,yes,Firestone Winterforce 2 UV 225/60R17 99S BSW,"The barcode 092971290269 consistently resolves to 'Firestone Winterforce 2 UV 225/60R17' across multiple credible sources, including a direct match for the manufacturer part number 006429.",True,https://www.tiresandwheels.com/product/tire/EC165297/Firestone/006429/Winterforce-2-UV_92971290269_225+60R17
848983023810,falken,f_ice,225/50R18,28152805,parse_error,,,True,https://www.tiresandwheels.com/product/tire/EC442470/Falken/28152805/F-ICE_848983023810_225+50R18
086699954541,michelin,pilot_alpin_pa5,275/50R19,95454,yes,Michelin Pilot Alpin 5 / PA5,"The barcode resolves to Michelin Pilot Alpin 5 or PA5, and the size 275/50R19 is listed as an available size for this model.",True,https://www.tiresandwheels.com/product/tire/EC225426/Michelin/95454/Pilot-Alpin-PA5_86699954541_275+50R19
721506081415,yokohama,advan_neova_ad08,275/30R19,110108141,parse_error,,,True,https://www.tiresandwheels.com/product/tire/EC234041/Yokohama/110108141/Advan-Neova-AD08_721506081415_275+30R19
844402070175,advanta,hpz_02,225/60R16,1951346625,yes,Advanta HPZ-02 225/60R16,"The barcode 844402070175 consistently resolves to the Advanta HPZ-02 tire, with the manufacturer part number 1951346625, across multiple credible sources.",True,https://www.tiresandwheels.com/product/tire/EC488304/Advanta/1951346625/HPZ-02_844402070175_225+60R16
688028911685,ironman,rb_12,195/65R15,91168,parse_error,,,True,https://www.tiresandwheels.com/product/tire/EC164974/Ironman/91168/RB-12_688028911685_195+65R15
715459622634,hankook,kinergy_xp_h446,195/60R17,1035765,yes,Hankook Kinergy XP H446 195/60R17,"The barcode 715459622634 consistently resolves to Hankook Kinergy XP H446 195/60R17, and the manufacturer part number 1035765 is also associated with this product on multiple credible websites.",True,https://www.tiresandwheels.com/product/tire/EC687143/Hankook/1035765/Kinergy-Xp-H446_715459622634_195+60R17
729419130886,amp,cm2f_terrain_attack_m_t,LT33/14.50R22,33-145022AMP,no,Choco Moon Bookshelf Storage Shelf Bookcase Industrial Bookshelf Oval Triple Wide Etagere Bookcases Display Shelves Black,"The barcode resolves to a bookshelf, not a tire.",True,https://www.tiresandwheels.com/product/tire/EC244732/AMP/33-145022AMP/CM2F/Terrain-Attack-M/T_729419130886_LT33x14.50R22
092971261009,bridgestone,potenza_s001_rft,245/40R20,004801,yes,"Bridgestone Potenza S001 RFT 245/40R20, MPN 004801","The barcode resolves to Bridgestone Potenza S001 RFT 245/40R20 with MPN 004801, matching all recorded product data.",True,https://www.tiresandwheels.com/product/tire/EC157640/Bridgestone/004801/Potenza-S001-RFT_92971261009_245+40R20
715459552337,hankook,dynapro_at2_xtreme_rf12,235/75R17,1029799,yes,Hankook Dynapro AT2 Xtreme RF12,"The barcode resolves to the Hankook Dynapro AT2 Xtreme RF12 tire, matching the recorded brand and model.",True,https://www.tiresandwheels.com/product/tire/EC393200/Hankook/1029799/Dynapro-AT2-Xtreme-RF12_715459552337_235+75R17
715459518203,hankook,dynapro_mt2_rt05,35x12.50R22,2021416,yes,Hankook Dynapro MT2 RT05 35X12.50R22 (Part Number: 2021416),The barcode 715459518203 consistently resolves to the Hankook Dynapro MT2 RT05 tire with the specified size and manufacturer part number across multiple credible sources.,True,https://www.tiresandwheels.com/product/tire/EC546412/Hankook/2021416/Dynapro-MT2-RT05_715459518203_35x12.50R22
086699445674,michelin,latitude_tour_hp,265/60R18,44567,yes,Michelin Latitude Tour HP 265/60R18,The barcode 086699445674 consistently resolves to Michelin Latitude Tour HP 265/60R18 across multiple credible sources.,True,https://www.tiresandwheels.com/product/tire/EC176779/Michelin/44567/Latitude-Tour-HP_86699445674_265+60R18
086699636478,bfgoodrich,t_a_ko2,LT235/75R15,63647,yes,BFGoodrich All-Terrain T/A KO2 LT235/75R15,"The barcode 086699636478 consistently resolves to the BFGoodrich All-Terrain T/A KO2 tire, size LT235/75R15, and manufacturer part number 63647 across multiple credible sources.",True,https://www.tiresandwheels.com/product/tire/EC158433/BFGoodrich/63647/T/A-KO2_86699636478_LT235+75R15
8808956290559,kumho,crugen_hp71,255/50R19,2279672,parse_error,,,True,https://www.tiresandwheels.com/product/tire/EC442370/Kumho/2279672/Crugen-HP71_8808956290559_255+50R19
4981910547365,nitto,recon_grappler_a_t,295/70R18,218880,parse_error,,,True,https://www.tiresandwheels.com/product/tire/EC419235/Nitto/218880/Recon-Grappler-A/T_4981910547365_295+70R18
697662107026,dunlop,sp_sport_maxx_gt_dsst_rof,245/40R19,265023807,yes,Dunlop SP Sport Maxx GT DSST/ROF 245/40R19,"The barcode resolves to Dunlop SP Sport Maxx GT DSST and Dunlop SP Sport Maxx GT ROF tires in the 245/40R19 size, which matches the recorded brand, model (DSST and ROF both indicate run-flat technolog",True,https://www.tiresandwheels.com/product/tire/EC163514/Dunlop/265023807/SP-Sport-Maxx-GT-DSST-ROF_697662107026_245+40R19
029142934912,cooper,zeon_rs3_g1,255/35R18,90000035957,yes,Cooper Zeon RS3-G1 tire,"The barcode 029142934912 consistently resolves to the 'Cooper Zeon RS3-G1' tire across multiple credible sources, matching the recorded brand 'cooper' and model 'zeon_rs3_g1'.",True,https://www.tiresandwheels.com/product/tire/EC247758/Cooper/90000035957/Zeon-RS3-G1_29142934912_255+35R18
051342163281,continental,procontact_tx,215/55R17,15498180000,yes,Continental ProContact TX 215/55R17,The barcode 051342163281 consistently resolves to the Continental ProContact TX tire with size 215/55R17 and manufacturer part number 15498180000 across multiple credible sources.,True,https://www.tiresandwheels.com/product/tire/EC160988/Continental/15498180000/ProContact-TX_51342163281_215+55R17
054137045748,pirelli,scorpion_winter,275/45R19,2180100,yes,"Pirelli Scorpion Winter 275/45R19, Part Number: 2180100",The barcode resolves to Pirelli Scorpion Winter with manufacturer part number 2180100 and size 275/45R19 on multiple credible sources.,True,https://www.tiresandwheels.com/product/tire/EC179831/Pirelli/2180100/Scorpion-Winter_54137045748_275+45R19
4981910518723,toyo,extensa_a_s_ii,235/55R18,147930,uncertain,,"The provided barcode (EAN 4981910518723) did not directly resolve to the recorded product (Toyo Extensa A/S II 235/55R18, MPN 147930) in the search results. While the manufacturer part number 147930 i",True,https://www.tiresandwheels.com/product/tire/EC245676/Toyo/147930/Extensa-A/S-II_4981910518723_235+55R18
051342052028,general,altimax_rt45,215/60R16,15577390000,yes,General AltiMAX RT45 215/60R16,The barcode 051342052028 consistently resolves to General AltiMAX RT45 215/60R16 across multiple credible online retailers.,True,https://www.tiresandwheels.com/product/tire/EC442257/General/15577390000/Altimax-RT45_51342052028_215+60R16
8808956280253,kumho,ecsta_v730,205/50R15,2271253,yes,Kumho Ecsta V730 205/50R15 86V,The barcode 8808956280253 consistently resolves to Kumho Ecsta V730 205/50R15 with manufacturer part number 2271253 across multiple credible sources.,True,https://www.tiresandwheels.com/product/tire/EC296372/Kumho/2271253/Ecsta-V730_8808956280253_205+50R15
029142940821,cooper,discoverer_enduramax,215/70R16,90000036738,yes,Cooper Discoverer EnduraMax,"The barcode resolves to 'Cooper Discoverer EnduraMax' across multiple credible sources, matching the recorded brand and model.",True,https://www.tiresandwheels.com/product/tire/EC302107/Cooper/90000036738/Discoverer-Enduramax_29142940821_215+70R16
086699295095,bfgoodrich,long_trail_t_a_tour,P235/60R17,29509,yes,BFGoodrich Long Trail T/A Tour P235/60R17,"The barcode 086699295095 resolves to BFGoodrich Long Trail T/A Tour P235/60R17 with manufacturer part number 29509, matching the recorded product data.",True,https://www.tiresandwheels.com/product/tire/EC158509/BFGoodrich/29509/Long-Trail-T/A-Tour_86699295095_P235+60R17
092971254841,bridgestone,potenza_re050a_rft,275/30R20,000539,yes,Bridgestone Potenza RE050A RFT,The barcode 092971254841 consistently resolves to Bridgestone Potenza RE050A RFT across multiple credible online retailers and the manufacturer's website.,True,https://www.tiresandwheels.com/product/tire/EC157221/Bridgestone/000539/Potenza-RE050A-RFT_92971254841_275+30R20
086699796691,bfgoodrich,gforce_comp2_a_s,275/35R18,79669,no,Swimways Spring Float Papasan Pool Lounger,"The provided barcode 086699796691 resolves to a 'Swimways Spring Float Papasan Pool Lounger' on the web, which is a different product than the recorded BFGoodrich tire.",True,https://www.tiresandwheels.com/product/tire/EC115561/BFGoodrich/79669/GForce-Comp2-A/S_86699796691_275+35R18
029142977353,mastercraft,courser_quest_plus,225/55R19,167203007,yes,Mastercraft Courser Quest Plus 225/55R19,"The barcode 029142977353 consistently resolves to Mastercraft Courser Quest Plus 225/55R19 across multiple credible online retailers, and the manufacturer part number 167203007 is also confirmed.",True,https://www.tiresandwheels.com/product/tire/EC488505/Mastercraft/167203007/Courser-Quest-Plus_29142977353_225+55R19
054137056409,pirelli,winter_ice_zero_fr,215/55R17,2555800,yes,Pirelli Winter Ice Zero FR 215/55R17,"The barcode 054137056409 consistently resolves to the Pirelli Winter Ice Zero FR tire, size 215/55R17, and manufacturer part number 2555800 across multiple credible sources.",True,https://www.tiresandwheels.com/product/tire/EC180143/Pirelli/2555800/Winter-Ice-Zero-FR_54137056409_215+55R17
029142924463,cooper,evolution_winter,265/65R18,90000034628,yes,Cooper Evolution Winter 265/65R18,The barcode 029142924463 consistently resolves to 'Cooper Evolution Winter 265/65R18' across multiple credible sources.,True,https://www.tiresandwheels.com/product/tire/EC244941/Cooper/90000034628/Evolution-Winter_29142924463_265+65R18
054137061854,pirelli,scorpion_zero_all_season,285/40R21,2744800,no,Choco Moon Bookshelf Storage Shelf Bookcase 6 Tier Bookshelf 79in Narrow Bookcase Arched Display Shelf Black,"The barcode resolves to a bookshelf, not a Pirelli tire.",True,https://www.tiresandwheels.com/product/tire/EC246983/Pirelli/2744800/Scorpion-Zero-All-Season_54137061854_285+40R21
086699809131,michelin,pilot_super_sport,285/30R20,80913,uncertain,,"The exact barcode 086699809131 did not resolve to a specific product on the web. A similar UPC (86699132512) was found for a Michelin Pilot Super Sport tire, but it does not match the provided barcode",True,https://www.tiresandwheels.com/product/tire/EC177462/Michelin/80913/Pilot-Super-Sport_86699809131_285+30R20
715459459667,hankook,kinergy_st_h735,205/75R14,1024735,yes,Hankook Kinergy ST H735,"The barcode 715459459667 consistently resolves to the Hankook Kinergy ST H735 tire across multiple credible sources, including Hankook's official site, Discount Tire, and Walmart.",True,https://www.tiresandwheels.com/product/tire/EC245205/Hankook/1024735/Kinergy-ST-H735_715459459667_205+75R14
086699031167,michelin,primacy_mxv4_tour_a_s,235/50R19,03116,yes,Michelin Primacy Tour A/S 235/50R19,The barcode 086699031167 consistently resolves to 'Michelin Primacy Tour A/S 235/50R19' with manufacturer part number '03116' across multiple credible online retailers.,True,https://www.tiresandwheels.com/product/tire/EC225674/Michelin/03116/Primacy-MXV4-Tour-A/S_86699031167_235+50R19
741317959147,kelly,edge_a_s,205/65R16,356218026,yes,Kelly Edge A/S 205/65R16,The barcode 741317959147 consistently resolves to the Kelly Edge A/S tire with size 205/65R16 and manufacturer part number 356218026 across multiple credible sources.,True,https://www.tiresandwheels.com/product/tire/EC167516/Kelly/356218026/Edge-A/S_741317959147_205+65R16
4981910548812,toyo,celsius_sport,285/40R21,127960,yes,Toyo Celsius Sport 285/40R21 (MPN: 127960),The barcode resolves to Toyo Celsius Sport 285/40R21 with manufacturer part number 127960 on multiple credible sources.,True,https://www.tiresandwheels.com/product/tire/EC442312/Toyo/127960/Celsius-Sport_4981910548812_285+40R21
6419440546018,nokian,hakkapeliitta_r5_suv,275/40R22,T432760,parse_error,,,True,https://www.tiresandwheels.com/product/tire/EC495507/Nokian/T432760/Hakkapeliitta-R5-SUV_6419440546018_275+40R22
029142959595,cooper,endeavor_plus,225/55R18,90000039920,uncertain,,The provided barcode did not directly resolve to a specific product in the search results.,True,https://www.tiresandwheels.com/product/tire/EC372050/Cooper/90000039920/Endeavor-Plus_29142959595_225+55R18
848983028815,falken,aklimate,245/45R18,28392212,yes,"Falken Aklimate 245/45R18, MPN: 28392212","The barcode 848983028815 consistently resolves to the Falken Aklimate tire, with the manufacturer part number 28392212 and size 245/45R18, across multiple credible sources.",True,https://www.tiresandwheels.com/product/tire/EC462629/Falken/28392212/Aklimate_848983028815_245+45R18
8808956143008,kumho,solus_ta31,235/55R17,2170053,yes,Kumho Solus TA31 235/55R17,The barcode 8808956143008 is consistently associated with the Kumho Solus TA31 tire in size 235/55R17 on credible retail websites.,True,https://www.tiresandwheels.com/product/tire/EC168099/Kumho/2170053/Solus-TA31_8808956143008_235+55R17
086699100788,michelin,pilot_sport_4_s,275/35R19,10078,yes,Michelin Pilot Sport 4S 275/35ZR19 (MPN: 10078),The barcode 086699100788 resolves to Michelin Pilot Sport 4S with MPN 10078 and size 275/35ZR19 on multiple credible retail sites.,True,https://www.tiresandwheels.com/product/tire/EC246222/Michelin/10078/Pilot-Sport-4-S_86699100788_275+35R19
051342148288,continental,crosscontact_lx20,P275/55R20,15493040000,yes,Continental CrossContact LX20 P275/55R20,The barcode 051342148288 resolves to Continental CrossContact LX20 P275/55R20 on multiple credible retail and manufacturer websites.,True,https://www.tiresandwheels.com/product/tire/EC106394/Continental/15493040000/CrossContact-LX20_51342148288_P275+55R20
086699712820,michelin,pilot_sport_4,275/40R20,71282,uncertain,,The barcode 086699712820 did not resolve to 'Michelin Pilot Sport 4' with manufacturer part number 71282 on the web. Different UPCs and part numbers were found for similar Michelin Pilot Sport models.,True,https://www.tiresandwheels.com/product/tire/EC177125/Michelin/71282/Pilot-Sport-4_86699712820_275+40R20
721506601316,yokohama,advan_apex,235/35R20,110160131,yes,"Yokohama ADVAN Apex V601 235/35R20, MPN 110160131",The barcode resolves to Yokohama ADVAN Apex V601 235/35R20 with manufacturer part number 110160131 on multiple credible websites.,True,https://www.tiresandwheels.com/product/tire/EC232229/Yokohama/110160131/Advan-Apex_721506601316_235+35R20
4981910778561,toyo,nea29,P195/65R15,103890,yes,Toyo Tires P195/65R15 89S NEA29 TL (103890),The barcode 4981910778561 consistently resolves to a Toyo NEA29 (or Nanoenergy A29) tire with size P195/65R15 and manufacturer part number 103890 across multiple credible sources.,True,https://www.tiresandwheels.com/product/tire/EC293009/Toyo/103890/NEA29_4981910778561_P195+65R15
688028986874,hercules,terra_trac_cross_v_aw,LT275/65R20,98687,yes,Hercules Terra Trac Cross-V AW,The barcode 688028986874 resolves to 'Hercules Terra Trac Cross-V AW' across multiple credible sources.,True,https://www.tiresandwheels.com/product/tire/EC494827/Hercules/98687/Terra-Trac-Cross-V-AW_688028986874_LT275+65R20
086699311399,michelin,pilot_sport_4_s,235/45R18,31139,yes,Michelin Pilot Sport 4S 235/45R18 98(Y) BSW XL (MPN: 31139),"The barcode 086699311399 resolves to a Michelin Pilot Sport 4S tire, size 235/45R18, with manufacturer part number 31139, matching all recorded product data.",True,https://www.tiresandwheels.com/product/tire/EC177033/Michelin/31139/Pilot-Sport-4-S_86699311399_235+45R18
721506052682,yokohama,advan_a052,315/30R18,110105268,uncertain,,"The barcode 721506052682 did not directly resolve to any product on the web. While the recorded brand, model, and size (Yokohama Advan A052 315/30R18) were found in search results, there was no credib",True,https://www.tiresandwheels.com/product/tire/EC234159/Yokohama/110105268/Advan-A052_721506052682_315+30R18
054137057055,pirelli,pzero,225/35R19,2615100,yes,Pirelli P Zero 225/35-19 (Part Number 2615100),"The barcode 054137057055 resolves to a Pirelli P Zero tire, size 225/35-19, with manufacturer part number 2615100, matching all recorded product data.",True,https://www.tiresandwheels.com/product/tire/EC178855/Pirelli/2615100/PZero_54137057055_225+35R19
054137063087,pirelli,winter_cinturato,215/60R17,2782900,yes,Pirelli Cinturato Winter 2 215/60R17,"The barcode resolves to a Pirelli Cinturato Winter 2 tire with the size 215/60R17 across multiple credible sources, matching the recorded brand, model (Winter Cinturato), and size.",True,https://www.tiresandwheels.com/product/tire/EC180128/Pirelli/2782900/Winter-Cinturato_54137063087_215+60R17
051342209460,continental,contisportcontact_6,285/35R20,03589500000,yes,Continental ContiSportContact 6,The barcode 051342209460 consistently resolves to the Continental ContiSportContact 6 tire across multiple credible online retailers and the manufacturer's website.,True,https://www.tiresandwheels.com/product/tire/EC368911/Continental/03589500000/ContiSportContact-6_51342209460_285+35R20
715459551996,hankook,dynapro_at2_xtreme_rf12,31x10.50R15,2021629,yes,Hankook Dynapro AT2 Xtreme RF12 31x10.50R15 (Manufacturer Part Number: 2021629),"The barcode 715459551996 consistently resolves to the Hankook Dynapro AT2 Xtreme RF12 tire, size 31x10.50R15, and manufacturer part number 2021629 across multiple credible sources.",True,https://www.tiresandwheels.com/product/tire/EC375913/Hankook/2021629/Dynapro-AT2-Xtreme-RF12_715459551996_31x10.50R15
029142993018,cooper,discoverer_stronghold_at,LT265/70R18,170283047,yes,Cooper Discoverer Stronghold AT LT265/70R18,The barcode resolves to 'Cooper Discoverer Stronghold AT' and the size 'LT265/70R18' is also found associated with this barcode from a credible source.,True,https://www.tiresandwheels.com/product/tire/EC488711/Cooper/170283047/Discoverer-Stronghold-AT_29142993018_LT265+70R18
054137072263,pirelli,scorpion_winter,245/45R21,3586100,yes,Pirelli Scorpion Winter 245/45R21 104V XL BSW,"The barcode 054137072263 is consistently linked to the Pirelli Scorpion Winter tire, size 245/45R21, and manufacturer part number 3586100 on multiple credible retail websites.",True,https://www.tiresandwheels.com/product/tire/EC247429/Pirelli/3586100/Scorpion-Winter_54137072263_245+45R21
029142935988,cooper,evolution_winter,255/55R18,90000036291,yes,Cooper Evolution Winter 255/55R18,"The barcode 029142935988 consistently resolves to the Cooper Evolution Winter tire, size 255/55R18, and manufacturer part number 90000036291 on multiple credible websites.",True,https://www.tiresandwheels.com/product/tire/EC244892/Cooper/90000036291/Evolution-Winter_29142935988_255+55R18
051342199464,continental,contisportcontact_6,275/30R20,03583490000,yes,Continental SportContact 6 275/30ZR20,"The barcode resolves to Continental SportContact 6 275/30ZR20 across multiple credible sources, matching the recorded brand, model, and size.",True,https://www.tiresandwheels.com/product/tire/EC246052/Continental/03583490000/ContiSportContact-6_51342199464_275+30R20
029142907527,cooper,discoverer_at3_4s,225/70R15,90000032670,yes,Cooper Discoverer AT3 4S 225/70R15,The barcode 029142907527 consistently resolves to 'Cooper Discoverer AT3 4S 225/70R15' across multiple credible sources.,True,https://www.tiresandwheels.com/product/tire/EC222086/Cooper/90000032670/Discoverer-AT3-4S_29142907527_225+70R15
877184002737,ohtsu tires,fp7000,215/55R16,30422623,parse_error,,,True,https://www.tiresandwheels.com/product/tire/EC463696/Ohtsu-Tires/30422623/FP7000_877184002737_215+55R16
4981910854661,nitto,neo_gen,205/40R18,185090,parse_error,,,True,https://www.tiresandwheels.com/product/tire/EC7952/Nitto/185090/Neo-Gen_4981910854661_205+40R18
8808956164171,kumho,crugen_ht51,265/65R17,2181913,parse_error,,,True,https://www.tiresandwheels.com/product/tire/EC167594/Kumho/2181913/Crugen-HT51_8808956164171_265+65R17
715459473960,hankook,dynapro_ht_rh12,LT265/60R20,2021231,yes,Hankook Dynapro HT RH12,"The barcode resolves to Hankook Dynapro HT RH12 across multiple credible sources, matching the recorded brand and model.",True,https://www.tiresandwheels.com/product/tire/EC295372/Hankook/2021231/DynaPro-HT-RH12_715459473960_LT265+60R20
848983006394,falken,wildpeak_a_t3w,LT225/75R16,28030119,yes,Falken Wildpeak A/T3W LT225/75R16,"The barcode 848983006394 resolves to Falken Wildpeak A/T3W LT225/75R16, matching the recorded brand, model, and size. The manufacturer part number 28030119 also matches.",True,https://www.tiresandwheels.com/product/tire/EC106228/Falken/28030119/Wildpeak-A/T3W_848983006394_LT225+75R16
4981910798965,nitto,trail_grappler_m_t,33x12.50R18,374060,parse_error,,,True,https://www.tiresandwheels.com/product/tire/EC221992/Nitto/374060/Trail-Grappler-M/T_4981910798965_33x12.50R18
715459577576,hankook,kinergy_xp_h446,255/45R20,1032016,yes,Hankook Kinergy XP H446 255/45R20 105V XL,The barcode 715459577576 consistently resolves to Hankook Kinergy XP H446 255/45R20 with manufacturer part number 1032016 across multiple credible sources.,True,https://www.tiresandwheels.com/product/tire/EC488967/Hankook/1032016/Kinergy-XP-H446_715459577576_255+45R20
029142959960,cooper,endeavor_plus,235/60R17,90000039927,yes,Cooper Endeavor Plus,"Multiple credible sources (Discount Tire, Cooper Tires, BJ's Tire Center, Goodyear, Sam's Club) confirm that the barcode 029142959960 corresponds to the Cooper Endeavor Plus tire.",True,https://www.tiresandwheels.com/product/tire/EC372048/Cooper/90000039927/Endeavor-Plus_29142959960_235+60R17
054137074991,pirelli,scorpion_verde,235/55R18,3573200,yes,Pirelli Scorpion Verde All Season 235/60R16,"The barcode resolves to a Pirelli Scorpion Verde All Season tire, matching the recorded brand and model.",True,https://www.tiresandwheels.com/product/tire/EC295599/Pirelli/3573200/Scorpion-Verde_54137074991_235+55R18
086699325921,michelin,latitude_sport_3,265/40R21,32592,yes,Michelin Latitude Sport 3 265/40R21,"The barcode 086699325921 consistently resolves to Michelin Latitude Sport 3 265/40R21 across multiple credible sources, and the manufacturer part number 32592 is also confirmed.",True,https://www.tiresandwheels.com/product/tire/EC247310/Michelin/32592/Latitude-Sport-3_86699325921_265+40R21
4710405480791,kenda,klever_a_t_2_kr628,LT265/70R17,628013,parse_error,,,True,https://www.tiresandwheels.com/product/tire/EC298933/Kenda/628013/Klever-A/T-2-KR628_4710405480791_LT265+70R17
029142804055,cooper,cs5_ultra_touring,225/45R17,90000019338,yes,Cooper CS5 Ultra Touring 225/45R17,"The barcode 029142804055 resolves to Cooper CS5 Ultra Touring 225/45R17 on Discount Tire's website, matching the recorded brand, model, and size.",True,https://www.tiresandwheels.com/product/tire/EC161948/Cooper/90000019338/CS5-Ultra-Touring_29142804055_225+45R17
054137054627,pirelli,scorpion_verde_all_season,225/55R18,2332100,yes,Pirelli Scorpion Verde All Season 225/55R18 98V (MPN: 2332100),"The barcode 054137054627 consistently resolves to the Pirelli Scorpion Verde All Season tire, size 225/55R18, with manufacturer part number 2332100, across multiple credible sources.",True,https://www.tiresandwheels.com/product/tire/EC179639/Pirelli/2332100/Scorpion-Verde-All-Season_54137054627_225+55R18
8808956254643,kumho,ecsta_pa51,255/35R20,2248473,yes,Kumho Ecsta PA51 255/35R20,The barcode 8808956254643 consistently resolves to the Kumho Ecsta PA51 tire with size 255/35R20 and manufacturer part number 2248473 across multiple credible online retailers.,True,https://www.tiresandwheels.com/product/tire/EC245500/Kumho/2248473/Ecsta-PA51_8808956254643_255+35R20
054137071952,pirelli,scorpion_zero_all_season,245/60R18,3580300,yes,Pirelli Scorpion Zero All Season 245/60R18,"The barcode 054137071952 consistently resolves to the Pirelli Scorpion Zero All Season tire, size 245/60R18, with manufacturer part number 3580300 across multiple credible sources.",True,https://www.tiresandwheels.com/product/tire/EC247421/Pirelli/3580300/Scorpion-Zero-All-Season_54137071952_245+60R18
054137048626,pirelli,scorpion_winter,265/70R16,2341700,yes,Pirelli Scorpion Winter,The barcode 054137048626 resolves to Pirelli Scorpion Winter tires on multiple credible retail and manufacturer websites.,True,https://www.tiresandwheels.com/product/tire/EC179816/Pirelli/2341700/Scorpion-Winter_54137048626_265+70R16
029142908715,cooper,discoverer_at3_4s,265/65R18,90000032699,yes,Cooper Discoverer AT3 4S,The barcode 029142908715 consistently resolves to the Cooper Discoverer AT3 4S tire across multiple credible online retailers and the manufacturer's website.,True,https://www.tiresandwheels.com/product/tire/EC222085/Cooper/90000032699/Discoverer-AT3-4S_29142908715_265+65R18
086699380159,michelin,pilot_alpin_pa5,265/40R20,38015,yes,Michelin Pilot Alpin PA5 265/40R20 104W,"Multiple credible sources, including Tire Rack, Big O Tires, and Onlinetires.com, confirm that barcode 086699380159 corresponds to the Michelin Pilot Alpin PA5 tire in size 265/40R20, with Onlinetires",True,https://www.tiresandwheels.com/product/tire/EC225410/Michelin/38015/Pilot-Alpin-PA5_86699380159_265+40R20
848983006134,falken,wildpeak_a_t3w,245/65R17,28034768,yes,Falken Wildpeak A/T3W 245/65R17,"The barcode 848983006134 consistently resolves to Falken Wildpeak A/T3W 245/65R17, with manufacturer part number 28034768, across multiple credible sources.",True,https://www.tiresandwheels.com/product/tire/EC106263/Falken/28034768/Wildpeak-A/T3W_848983006134_245+65R17
721506333026,yokohama,geolandar_m_t_g003,35x12.50R15,110133302,yes,Yokohama Geolandar M/T G003 35x12.50R15,"The barcode 721506333026 consistently resolves to the Yokohama Geolandar M/T G003 tire, size 35x12.50R15, and manufacturer part number 110133302 on multiple credible sources.",True,https://www.tiresandwheels.com/product/tire/EC232438/Yokohama/110133302/Geolandar-M/T-G003_721506333026_35x12.50R15
697662149477,kelly,edge_sport,235/50R18,356163090,no,"UHOMEPRO Full Platform Bed Frame, Kensington Simply Solutions Nano Combo Laptop Lock, Garvee 2PCS 2 x 1ft Galvanized Raised Boxes","The barcode resolves to a bed frame, a laptop lock, and raised garden boxes, none of which match the recorded tire product data.",True,https://www.tiresandwheels.com/product/tire/EC489013/Kelly/356163090/Edge-Sport_697662149477_235+50R18
715459577927,hankook,kinergy_xp_h446,245/45R18,1032051,yes,Hankook Kinergy XP H446 245/45R18,"The barcode resolves to Hankook Kinergy XP H446 245/45R18 with manufacturer part number 1032051, matching the recorded product exactly.",True,https://www.tiresandwheels.com/product/tire/EC488989/Hankook/1032051/Kinergy-XP-H446_715459577927_245+45R18
191563008357,nexen,winguard_winspike_3,215/55R17,17632NXK,yes,Nexen Winguard Winspike 3 215/55R17 98T XL (MPN: 17632NXK),"The barcode 191563008357 consistently resolves to the Nexen Winguard Winspike 3 tire, size 215/55R17, and manufacturer part number 17632NXK across multiple credible sources.",True,https://www.tiresandwheels.com/product/tire/EC443823/Nexen/17632NXK/Winguard-Winspike-3_191563008357_215+55R17
4981910540922,nitto,nomad_grappler,225/55R17,212060,parse_error,,,True,https://www.tiresandwheels.com/product/tire/EC388470/Nitto/212060/Nomad-Grappler_4981910540922_225+55R17
029142961888,cooper,endeavor,225/45R17,90000040248,yes,Cooper Endeavor 225/45R17,"The barcode 029142961888 consistently resolves to the Cooper Endeavor tire, size 225/45R17, across multiple credible online retailers and the manufacturer's website.",True,https://www.tiresandwheels.com/product/tire/EC369357/Cooper/90000040248/Endeavor_29142961888_225+45R17
086699150547,bfgoodrich,gforce_comp2_a_s,255/45R18,15054,yes,BFGoodrich g-Force COMP-2 A/S PLUS 255/45R18,"The barcode resolves to BFGoodrich g-Force COMP-2 A/S PLUS 255/45R18, matching the recorded brand, model, and size.",True,https://www.tiresandwheels.com/product/tire/EC115542/BFGoodrich/15054/GForce-Comp2-A/S_86699150547_255+45R18
029142905370,cooper,evolution_tour,205/55R16,90000032505,yes,Cooper Evolution Tour 205/55R16,"The barcode 029142905370 resolves to a Cooper Evolution Tour tire, specifically in the 205/55R16 size, matching the recorded brand, model, and size.",True,https://www.tiresandwheels.com/product/tire/EC226316/Cooper/90000032505/Evolution-Tour_29142905370_205+55R16
8859000170679,fury,country_hunter_m_t_2,LT265/70R17,FCHII2657017B,parse_error,,,True,https://www.tiresandwheels.com/product/tire/EC309574/Fury/FCHII2657017B/Country-Hunter-M/T-2_8859000170679_LT265+70R17
051342051373,general,altimax_rt45,205/70R16,15576250000,yes,General Altimax RT45 205/70R16,"The barcode 051342051373 consistently resolves to the General Altimax RT45 tire, size 205/70R16, and manufacturer part number 15576250000 across multiple credible sources.",True,https://www.tiresandwheels.com/product/tire/EC413681/General/15576250000/Altimax-RT45_51342051373_205+70R16
029142924487,cooper,evolution_winter,255/65R18,90000034630,yes,Cooper Evolution Winter,"The barcode 029142924487 consistently resolves to the 'Cooper Evolution Winter' tire across multiple credible sources, matching the recorded brand and model.",True,https://www.tiresandwheels.com/product/tire/EC244940/Cooper/90000034630/Evolution-Winter_29142924487_255+65R18
848983023674,falken,ziex_ct50_a_s,245/50R20,59000670,yes,Falken Ziex CT50 A/S 245/50R20,"The barcode 848983023674 consistently resolves to the Falken Ziex CT50 A/S tire, size 245/50R20, and manufacturer part number 59000670 across multiple credible online retailers.",True,https://www.tiresandwheels.com/product/tire/EC392055/Falken/59000670/Ziex-CT50-A/S_848983023674_245+50R20
4981910774525,nitto,nt01,285/35R19,371530,parse_error,,,True,https://www.tiresandwheels.com/product/tire/EC106967/Nitto/371530/NT01_4981910774525_285+35R19
054137050148,pirelli,scorpion_winter,285/45R19,2341800,yes,"Pirelli Scorpion Winter 285/45R19, Manufacturer Part Number: 2341800",The barcode 054137050148 resolves to Pirelli Scorpion Winter 285/45R19 with manufacturer part number 2341800.,True,https://www.tiresandwheels.com/product/tire/EC179844/Pirelli/2341800/Scorpion-Winter_54137050148_285+45R19
051342183579,continental,contisportcontact_5,245/40R18,03575980000,uncertain,,"The search for the barcode did not directly link it to a specific product page confirming the brand, model, and manufacturer part number. While the search results consistently showed information about",True,https://www.tiresandwheels.com/product/tire/EC197808/Continental/03575980000/ContiSportContact-5_51342183579_245+40R18
697662103509,dunlop,sp_winter_sport_3d_dsst_rof,225/55R17,265025059,no,Infinity Ultra-High Capacity Smoking Receptacle/Cigarette Urn - Black,"The barcode resolves to a smoking receptacle, not a Dunlop tire.",True,https://www.tiresandwheels.com/product/tire/EC163602/Dunlop/265025059/SP-Winter-Sport-3D-DSST-ROF_697662103509_225+55R17
092971291761,bridgestone,blizzak_dm_v2,265/70R17,016457,yes,Bridgestone Blizzak DM-V2 Winter Tire,The barcode 092971291761 consistently resolves to the Bridgestone Blizzak DM-V2 tire across multiple credible sources.,True,https://www.tiresandwheels.com/product/tire/EC156163/Bridgestone/016457/Blizzak-DM-V2_92971291761_265+70R17
688028985471,hercules,ut1,25x11.00R12,98547,yes,Hercules TIS Offroad UT1 25x11.00R12,"The barcode 688028985471 resolves to Hercules TIS Offroad UT1 25x11.00R12, with manufacturer part number 98547, matching all recorded product data.",True,https://www.tiresandwheels.com/product/tire/EC442917/Hercules/98547/UT1_688028985471_25x11.00R12
8886459516697,radar,renegade_a_t5,265/70R17,RZD0070,no,Garvee 47x16 Inches LED Metal Planter Box with Exterior Light Strips and Controller Illuminated Raised Garden Bed,"The barcode resolves to a planter box, not a tire.",True,https://www.tiresandwheels.com/product/tire/EC391225/Radar/RZD0070/Renegade-A/T5_8886459516697_265+70R17
715459616145,hankook,dynapro_hpx_ra43,245/45R21,1035232,yes,Hankook Dynapro HPX RA43 245/45R21 104W,"The barcode resolves to Hankook Dynapro HPX RA43 245/45R21, and a credible source lists the manufacturer part number 1035232 for this product.",True,https://www.tiresandwheels.com/product/tire/EC494323/Hankook/1035232/Dynapro-HPX-RA43_715459616145_245+45R21
715459308576,hankook,optimo_h426,P205/60R15,1011290,yes,Hankook Optimo H426 P205/60R15,The barcode resolves to Hankook Optimo H426 P205/60R15 on multiple credible retail websites like Discount Tire and Walmart.,True,https://www.tiresandwheels.com/product/tire/EC166422/Hankook/1011290/Optimo-H426_715459308576_P205+60R15
848983020260,falken,eurowinter_hs01,245/40R19,28522974,uncertain,,"The barcode 848983020260 could not be directly resolved to the Falken Eurowinter HS01 tire on the web. While information about the Falken Eurowinter HS01 tire model is available, including the specifi",True,https://www.tiresandwheels.com/product/tire/EC369175/Falken/28522974/Eurowinter-HS01_848983020260_245+40R19
848983019462,falken,wildpeak_a_t3w,225/65R17,28034775,yes,Falken Wildpeak AT3W 225/65R17,The barcode 848983019462 resolves to Falken Wildpeak AT3W 225/65R17 with MPN 28034775 on multiple credible sources.,True,https://www.tiresandwheels.com/product/tire/EC301657/Falken/28034775_Wildpeak+A/T3W_848983019462_225+65R17
4981910568421,nitto,motivo_365,245/45R20,261270,yes,"Nitto Motivo 365 Tires 245/45-20, Manufacturer's Part Number: N261-270, UPC: 4981910568421","A credible source (Summit Racing) links the provided EAN, brand, model, manufacturer part number, and size.",True,https://www.tiresandwheels.com/product/tire/EC494056/Nitto/261270/Motivo-365_4981910568421_245+45R20
054137072966,pirelli,scorpion_verde_all_season_plus_ii,275/60R20,3594900,yes,Pirelli Scorpion Verde All Season Plus II 275/60R20,"The barcode 054137072966 consistently resolves to the Pirelli Scorpion Verde All Season Plus II tire, size 275/60R20, and manufacturer part number 3594900 across multiple credible online retailers.",True,https://www.tiresandwheels.com/product/tire/EC245658/Pirelli/3594900/Scorpion-Verde-All-Season-Plus-II_54137072966_275+60R20
054137039907,pirelli,w240_sottozero_series_ii,255/35R18,1859000,yes,Pirelli W240 SottoZero Serie II,"The barcode resolves to 'Pirelli W240 SottoZero Serie II' across multiple credible sources, matching the recorded brand and model.",True,https://www.tiresandwheels.com/product/tire/EC180037/Pirelli/1859000/W240-Sottozero-Series-II_54137039907_255+35R18
4981910796435,toyo,extensa_hp_ii,275/40R20,196280,yes,Toyo Tires Extensa HP II High Performance All-Season 275/40R20 (196280),The barcode 4981910796435 consistently resolves to 'Toyo Tires Extensa HP II High Performance All-Season 275/40R20' with manufacturer part number '196280' across multiple credible sources.,True,https://www.tiresandwheels.com/product/tire/EC158010/Toyo/196280/Extensa-HP-II_4981910796435_275+40R20
721506160240,yokohama,geolandar_x_at,LT305/55R20,110116024,yes,Yokohama Geolandar X-AT LT305/55R20,"The barcode resolves to Yokohama Geolandar X-AT LT305/55R20 with manufacturer part number 110116024, matching all recorded data.",True,https://www.tiresandwheels.com/product/tire/EC232182/Yokohama/110116024/Geolandar-X-AT_721506160240_LT305+55R20
051342177356,general,altimax_arctic_12,175/65R14,15502980000,parse_error,,,True,https://www.tiresandwheels.com/product/tire/EC165525/General/15502980000/Altimax-Arctic-12_51342177356_175+65R14
4981910527923,toyo,open_country_a_t3,305/50R20,355820,no,Needle Guide Kit Ultra-Pro II™ or McKesson Digital Oral-Rectal Thermometer,"The barcode resolves to medical supplies, not a tire product.",True,https://www.tiresandwheels.com/product/tire/EC275055/Toyo/355820/Open-Country-A/T3_4981910527923_305+50R20
697662129646,dunlop,grandtrek_touring_a_s,P235/55R19,290123515,parse_error,,,True,https://www.tiresandwheels.com/product/tire/EC163030/Dunlop/290123515/Grandtrek-Touring-A/S_697662129646_P235+55R19
721506152313,yokohama,advan_a052,245/30R20,110115231,yes,"Yokohama Advan A052 245/30R20XL 90Y BSW, Manufacturer part number: 110115231",The barcode 721506152313 consistently resolves to the Yokohama Advan A052 tire with the size 245/30R20 and manufacturer part number 110115231 across multiple credible sources.,True,https://www.tiresandwheels.com/product/tire/EC369783/Yokohama/110115231/Advan-A052_721506152313_245+30R20
8808956288334,kumho,crugen_ht51,LT265/75R16,2278483,yes,Kumho Crugen HT51,The barcode 8808956288334 is listed on the Kumho Tire website as the UPC for the CRUGEN HT51 tire. Other retailers also confirm this product for the given barcode.,True,https://www.tiresandwheels.com/product/tire/EC295508/Kumho/2278483/Crugen-HT51_8808956288334_LT265+75R16
086699292919,bfgoodrich,advantage_t_a_sport_lt,215/70R16,29291,yes,BFGoodrich Advantage T/A Sport LT 215/70R16 100H BSW (Manufacturer part number: 29291),The barcode 086699292919 resolves to the BFGoodrich Advantage T/A Sport LT tire with the recorded size 215/70R16 and manufacturer part number 29291 on multiple credible websites.,True,https://www.tiresandwheels.com/product/tire/EC157971/BFGoodrich/29291/Advantage-T/A-Sport-LT_86699292919_215+70R16
054137047124,pirelli,cinturato_p7,225/50R18,2245600,no,Garvee 3 Tier Plastic Folding Storage Cabinet Multilayer Wardrobe Closet Organizer,"The barcode resolves to a plastic storage cabinet, not a Pirelli tire.",True,https://www.tiresandwheels.com/product/tire/EC178631/Pirelli/2245600/Cinturato-P7_54137047124_225+50R18
